{"assets":{"66B946F58885CCEC6CECA117BA9D6739":{"type":"texture","index":0,"assetRequest":{"type":"slide","state":"contents","slide":"none"},"url":{"native":"assets\/4992A2DF-C318-4899-B1D4-0F864A154157.pdf"},"width":1920,"height":1080},"F4682F5B8AB36F18E1049224F178E9C2":{"type":"texture","index":1,"assetRequest":{"type":"slide","state":"contents","slide":"none"},"url":{"native":"assets\/4992A2DF-C318-4899-B1D4-0F864A154157.pdf"},"width":1920,"height":1080}},"events":[{"effects":[{"beginTime":0,"baseLayer":{"animations":[],"initialState":{"affineTransform":[1,0,0,1,0,0],"masksToBounds":false,"rotation":0,"scale":1,"position":{"pointX":960,"pointY":540},"width":1920,"sublayerTransform":[1,0,0,0,0,1,0,0,0,0,1,0,0,0,0,1],"contentsRect":{"y":0,"x":0,"width":1,"height":1},"opacity":1,"edgeAntialiasingMask":251658240,"height":1080,"hidden":false,"anchorPoint":{"pointX":0.5,"pointY":0.5}},"objectID":"0","layers":[{"animations":[],"initialState":{"affineTransform":[1,0,0,1,0,0],"masksToBounds":false,"rotation":0,"scale":1,"position":{"pointX":960,"pointY":540},"width":1920,"sublayerTransform":[1,0,0,0,0,1,0,0,0,0,1,-0.00035007912466775983,0,0,0,1],"contentsRect":{"y":0,"x":0,"width":1,"height":1},"opacity":1,"edgeAntialiasingMask":251658240,"height":1080,"hidden":false,"anchorPoint":{"pointX":0.5,"pointY":0.5}},"layers":[{"animations":[],"layers":[],"texturedRectangle":{"isBackgroundTexture":false,"singleTextureOpacity":1,"textureType":0,"textBaseline":0,"textXHeight":0,"isVerticalText":false},"initialState":{"affineTransform":[1,0,0,1,0,0],"masksToBounds":false,"rotation":0,"scale":1,"position":{"pointX":960,"pointY":540},"width":1920,"sublayerTransform":[1,0,0,0,0,1,0,0,0,0,1,0,0,0,0,1],"contentsRect":{"y":0,"x":0,"width":1,"height":1},"opacity":1,"edgeAntialiasingMask":0,"height":1080,"hidden":false,"anchorPoint":{"pointX":0.5,"pointY":0.5}},"texture":"F4682F5B8AB36F18E1049224F178E9C2"},{"animations":[{"additive":false,"timeOffset":0,"beginTime":0,"from":{"scalar":false},"repeatCount":0,"fillMode":"both","duration":0.01,"autoreverses":false,"property":"hidden","to":{"scalar":true},"removedOnCompletion":false}],"layers":[],"texturedRectangle":{"isBackgroundTexture":false,"singleTextureOpacity":1,"textureType":0,"textBaseline":0,"textXHeight":0,"isVerticalText":false},"initialState":{"affineTransform":[1,0,0,1,0,0],"masksToBounds":false,"rotation":0,"scale":1,"position":{"pointX":960,"pointY":540},"width":1920,"sublayerTransform":[1,0,0,0,0,1,0,0,0,0,1,0,0,0,0,1],"contentsRect":{"y":0,"x":0,"width":1,"height":1},"opacity":1,"edgeAntialiasingMask":0,"height":1080,"hidden":false,"anchorPoint":{"pointX":0.5,"pointY":0.5}},"texture":"66B946F58885CCEC6CECA117BA9D6739"}]}]},"effects":[],"duration":0.01,"type":"transition","attributes":{"direction":0},"name":"none","objectID":"0"}],"automaticPlay":false,"hyperlinks":[],"accessibility":[{"text":"Article 59 of Swiss Penal Code","targetRectangle":{"y":221.14889526367188,"x":140.27999877929688,"width":567.18720000000008,"height":47.844165039062489}},{"text":"Discharged after treatment completion","targetRectangle":{"y":265.36447761907186,"x":140.27999877929688,"width":709.19040000000018,"height":86.544165682792652}},{"text":"Final Dx of Schizophrenia spectrum disorder (DSM-5)","targetRectangle":{"y":348.28006061820196,"x":140.27999877929688,"width":981.67968000000019,"height":86.544165682792652}},{"text":"Excluded short treatment of acute syndromes (< 3mo)","targetRectangle":{"y":431.19564361733205,"x":140.27999877929688,"width":992.86655999999994,"height":86.544165682792709}},{"text":"Characteristics:","targetRectangle":{"y":514.1112266164622,"x":140.27999877929688,"width":288.17568,"height":86.544165682792595}},{"text":"88% male","targetRectangle":{"y":597.02680961559236,"x":188.27999877929688,"width":187.36992000000004,"height":56.444165182113693}},{"text":"Mean age of 34.7","targetRectangle":{"y":649.84239211404349,"x":188.27999877929688,"width":321.94272000000007,"height":56.444165182113579}},{"text":"65.5% single","targetRectangle":{"y":702.65797461249463,"x":188.27999877929688,"width":240.86880000000002,"height":56.444165182113693}},{"text":"72% unemployed at time of offence","targetRectangle":{"y":755.47355711094576,"x":188.27999877929688,"width":660.06720000000007,"height":56.444165182113693}},{"text":"55% born in CH","targetRectangle":{"y":808.2891396093969,"x":188.27999877929688,"width":298.94976000000008,"height":56.444165182113693}},{"text":"Dx: Schizophrenia (88.8%), schizophrenia spectrum ds (7.7%), Schizoaffective (3.5%)","targetRectangle":{"y":861.10472210784803,"x":188.27999877929688,"width":1575.8227200000001,"height":56.444165182113693}},{"text":"LOS: 30 -> 902 weeks. ( median = 220 )","targetRectangle":{"y":913.92030460629917,"x":188.27999877929688,"width":731.72928000000013,"height":56.444165182113693}},{"text":"craiyon_231244_offenders_diagnosed_with_schizophrenia_nbsp_.png","targetRectangle":{"y":53.577095031738281,"x":1260.0787258148193,"width":639.23295186094037,"height":648.02105848911742}},{"text":"Subjects ( n = 126 )","targetRectangle":{"y":89,"x":99,"width":731.93500075995917,"height":100.53440856933594}},{"text":"Offenders diagnosed with Schizophrenia - Craiyon","targetRectangle":{"y":691.98859363794327,"x":1276.1271066665649,"width":607.1220000000003,"height":32.244003295898438}}],"baseLayer":{"animations":[],"initialState":{"affineTransform":[1,0,0,1,0,0],"masksToBounds":false,"rotation":0,"scale":1,"position":{"pointX":960,"pointY":540},"width":1920,"sublayerTransform":[1,0,0,0,0,1,0,0,0,0,1,0,0,0,0,1],"contentsRect":{"y":0,"x":0,"width":1,"height":1},"opacity":1,"edgeAntialiasingMask":251658240,"height":1080,"hidden":false,"anchorPoint":{"pointX":0.5,"pointY":0.5}},"objectID":"0","layers":[{"animations":[],"initialState":{"affineTransform":[1,0,0,1,0,0],"masksToBounds":false,"rotation":0,"scale":1,"position":{"pointX":960,"pointY":540},"width":1920,"sublayerTransform":[1,0,0,0,0,1,0,0,0,0,1,-0.00035007912466775983,0,0,0,1],"contentsRect":{"y":0,"x":0,"width":1,"height":1},"opacity":1,"edgeAntialiasingMask":251658240,"height":1080,"hidden":false,"anchorPoint":{"pointX":0.5,"pointY":0.5}},"layers":[{"animations":[],"layers":[],"texturedRectangle":{"isBackgroundTexture":false,"singleTextureOpacity":1,"textureType":0,"textBaseline":0,"textXHeight":0,"isVerticalText":false},"initialState":{"affineTransform":[1,0,0,1,0,0],"masksToBounds":false,"rotation":0,"scale":1,"position":{"pointX":960,"pointY":540},"width":1920,"sublayerTransform":[1,0,0,0,0,1,0,0,0,0,1,0,0,0,0,1],"contentsRect":{"y":0,"x":0,"width":1,"height":1},"opacity":1,"edgeAntialiasingMask":0,"height":1080,"hidden":false,"anchorPoint":{"pointX":0.5,"pointY":0.5}},"texture":"66B946F58885CCEC6CECA117BA9D6739"}]}]}}]}