{"assets":{"6514F6C887AA2533DE50C28B84492C4C":{"type":"texture","index":12,"assetRequest":{"type":"slide","state":"contents","slide":"none"},"url":{"native":"assets\/E5850703-BF2B-41DA-B513-7A1F7A6861A2.pdf"},"width":266,"height":103},"33493E7E2A1A708C500F4D904BE84CC1":{"type":"texture","index":2,"assetRequest":{"type":"slide","state":"contents","slide":"none"},"url":{"native":"assets\/E5850703-BF2B-41DA-B513-7A1F7A6861A2.pdf"},"width":694,"height":80},"40725916E8F2AACB397EA63EEDDA38B8":{"type":"texture","index":1,"assetRequest":{"type":"slide","state":"contents","slide":"none"},"url":{"native":"assets\/E5850703-BF2B-41DA-B513-7A1F7A6861A2.pdf"},"width":368,"height":290},"67BBADE9204C30ED7A29F2AFB3D7FE74":{"type":"texture","index":3,"assetRequest":{"type":"slide","state":"contents","slide":"none"},"url":{"native":"assets\/E5850703-BF2B-41DA-B513-7A1F7A6861A2.pdf"},"width":368,"height":290},"23F40FD922B96DC8299BB77389E0001D":{"type":"texture","index":5,"assetRequest":{"type":"slide","state":"contents","slide":"none"},"url":{"native":"assets\/E5850703-BF2B-41DA-B513-7A1F7A6861A2.pdf"},"width":267,"height":103},"97E30742A9BCBCDBC0FCADD2AD50853E":{"type":"texture","index":7,"assetRequest":{"type":"slide","state":"contents","slide":"none"},"url":{"native":"assets\/E5850703-BF2B-41DA-B513-7A1F7A6861A2.pdf"},"width":267,"height":103},"1B4F8700915F51F3A9CBC82AEE739026":{"type":"texture","index":6,"assetRequest":{"type":"slide","state":"contents","slide":"none"},"url":{"native":"assets\/E5850703-BF2B-41DA-B513-7A1F7A6861A2.pdf"},"width":267,"height":103},"7D64F29B41F5A3C3E90A3E1ABE95377F":{"type":"texture","index":0,"assetRequest":{"type":"slide","state":"contents","slide":"none"},"url":{"native":"assets\/E5850703-BF2B-41DA-B513-7A1F7A6861A2.pdf"},"width":1920,"height":1080},"82C65451534D7211F5B8A1B45E723655":{"type":"texture","index":10,"assetRequest":{"type":"slide","state":"contents","slide":"none"},"url":{"native":"assets\/E5850703-BF2B-41DA-B513-7A1F7A6861A2.pdf"},"width":251,"height":31},"737371EF666BA8CCE7C84871B27A1886":{"type":"texture","index":11,"assetRequest":{"type":"slide","state":"contents","slide":"none"},"url":{"native":"assets\/E5850703-BF2B-41DA-B513-7A1F7A6861A2.pdf"},"width":267,"height":103},"66537F099CE1B69667BA5266798A75E3":{"type":"texture","index":8,"assetRequest":{"type":"slide","state":"contents","slide":"none"},"url":{"native":"assets\/E5850703-BF2B-41DA-B513-7A1F7A6861A2.pdf"},"width":290,"height":31},"967736F556252E34F3CFC84CC35FD6A8":{"type":"texture","index":9,"assetRequest":{"type":"slide","state":"contents","slide":"none"},"url":{"native":"assets\/E5850703-BF2B-41DA-B513-7A1F7A6861A2.pdf"},"width":290,"height":30},"DA0A4B90BFEEC8556B7073D5426AB7EB":{"type":"texture","index":4,"assetRequest":{"type":"slide","state":"contents","slide":"none"},"url":{"native":"assets\/E5850703-BF2B-41DA-B513-7A1F7A6861A2.pdf"},"width":292,"height":33}},"events":[{"effects":[{"beginTime":0,"baseLayer":{"animations":[],"initialState":{"affineTransform":[1,0,0,1,0,0],"masksToBounds":false,"rotation":0,"scale":1,"position":{"pointX":960,"pointY":540},"width":1920,"sublayerTransform":[1,0,0,0,0,1,0,0,0,0,1,0,0,0,0,1],"contentsRect":{"y":0,"x":0,"width":1,"height":1},"opacity":1,"edgeAntialiasingMask":251658240,"height":1080,"hidden":false,"anchorPoint":{"pointX":0.5,"pointY":0.5}},"objectID":"0","layers":[{"animations":[],"initialState":{"affineTransform":[1,0,0,1,0,0],"masksToBounds":false,"rotation":0,"scale":1,"position":{"pointX":960,"pointY":540},"width":1920,"sublayerTransform":[1,0,0,0,0,1,0,0,0,0,1,-0.00035007912466775983,0,0,0,1],"contentsRect":{"y":0,"x":0,"width":1,"height":1},"opacity":1,"edgeAntialiasingMask":251658240,"height":1080,"hidden":false,"anchorPoint":{"pointX":0.5,"pointY":0.5}},"layers":[{"animations":[{"additive":false,"timeOffset":0,"beginTime":0,"repeatCount":0,"fillMode":"both","duration":2,"autoreverses":false,"animations":[{"repeatCount":0,"removedOnCompletion":true,"from":{"scalar":0},"timingFunction":"EaseInEaseOut","additive":false,"timeOffset":0,"autoreverses":false,"property":"zPosition","fillMode":"both","duration":2,"beginTime":0,"to":{"scalar":0}}],"removedOnCompletion":false}],"initialState":{"affineTransform":[1,0,0,1,0,0],"masksToBounds":false,"rotation":0,"scale":1,"position":{"pointX":960,"pointY":540},"width":1920,"sublayerTransform":[1,0,0,0,0,1,0,0,0,0,1,0,0,0,0,1],"contentsRect":{"y":0,"x":0,"width":1,"height":1},"opacity":1,"edgeAntialiasingMask":251658240,"height":1080,"hidden":false,"anchorPoint":{"pointX":0.5,"pointY":0.5}},"layers":[{"animations":[],"layers":[],"texturedRectangle":{"isBackgroundTexture":true,"singleTextureOpacity":1,"textureType":1,"textBaseline":0,"textXHeight":0,"isVerticalText":false},"initialState":{"affineTransform":[1,0,0,1,0,0],"masksToBounds":false,"rotation":0,"scale":1,"position":{"pointX":960,"pointY":540},"width":1920,"sublayerTransform":[1,0,0,0,0,1,0,0,0,0,1,0,0,0,0,1],"contentsRect":{"y":0,"x":0,"width":1,"height":1},"opacity":1,"edgeAntialiasingMask":0,"height":1080,"hidden":false,"anchorPoint":{"pointX":0.5,"pointY":0.5}},"texture":"7D64F29B41F5A3C3E90A3E1ABE95377F"}]}]},{"animations":[{"additive":false,"timeOffset":0,"beginTime":0,"repeatCount":0,"fillMode":"both","duration":2,"autoreverses":false,"animations":[{"repeatCount":0,"removedOnCompletion":true,"from":{"scalar":0.001},"timingFunction":"EaseInEaseOut","additive":false,"timeOffset":0,"autoreverses":false,"property":"zPosition","fillMode":"both","duration":2,"beginTime":0,"to":{"scalar":0.002}}],"removedOnCompletion":false}],"initialState":{"affineTransform":[1,0,0,1,0,0],"masksToBounds":false,"rotation":0,"scale":1,"position":{"pointX":960.00001525878906,"pointY":430.87556457519531},"width":364.60830688476562,"sublayerTransform":[1,0,0,0,0,1,0,0,0,0,1,0,0,0,0,1],"contentsRect":{"y":0,"x":0,"width":1,"height":1},"opacity":1,"edgeAntialiasingMask":251658240,"height":286.60714721679688,"hidden":false,"anchorPoint":{"pointX":0.5,"pointY":0.5}},"layers":[{"animations":[{"additive":false,"timeOffset":0,"beginTime":0,"repeatCount":0,"fillMode":"both","duration":2,"autoreverses":false,"animations":[{"repeatCount":0,"removedOnCompletion":true,"from":{"texture":"40725916E8F2AACB397EA63EEDDA38B8"},"timingFunction":"EaseInEaseOut","additive":false,"timeOffset":0,"autoreverses":false,"property":"contents","fillMode":"both","duration":2,"beginTime":0,"to":{"texture":"40725916E8F2AACB397EA63EEDDA38B8"}}],"removedOnCompletion":false}],"layers":[],"texturedRectangle":{"singleTextureOpacity":1,"textXHeight":0,"shapePath":{"lineWidth":1,"flatness":0.59999999999999998,"lineCapStyle":0,"elements":[{"type":"MoveToPoint","points":[[24.625836816406263,1.571990966796875]]},{"type":"AddLine","points":[[343.37419370117186,1.571990966796875]]},{"type":"AddCurve","points":[[350.10297775493927,1.571990966796875],[354.14024818720009,1.571990966796875],[356.83176180870691,2.6956617845021356]]},{"type":"AddCurve","points":[[360.7118113017857,4.1078843074624274],[363.76827536050632,7.1643483661830487],[365.18049788346661,11.044397859261778]]},{"type":"AddCurve","points":[[366.30416870117188,13.735911480768777],[366.30416870117188,17.773181913029305],[366.30416870117188,24.501965966796888]]},{"type":"AddLine","points":[[366.30416870117188,265.24916318359374]]},{"type":"AddCurve","points":[[366.30416870117188,271.97794723736126],[366.30416870117188,276.01521766962185],[365.18049788346661,278.70673129112879]]},{"type":"AddCurve","points":[[363.76827536050632,282.58678078420758],[360.7118113017857,285.6432448429282],[356.83176180870691,287.05546736588849]]},{"type":"AddCurve","points":[[354.14024818720009,288.17913818359375],[350.10297775493927,288.17913818359375],[343.37419370117186,288.17913818359375]]},{"type":"AddLine","points":[[24.625836816406263,288.17913818359375]]},{"type":"AddCurve","points":[[17.897052762638737,288.17913818359375],[13.859782330378152,288.17913818359375],[11.168268708871096,287.05546736588849]]},{"type":"AddCurve","points":[[7.2882192157924237,285.6432448429282],[4.2317551570718024,282.58678078420758],[2.8195326341115106,278.70673129112879]]},{"type":"AddCurve","points":[[1.69586181640625,276.01521766962185],[1.69586181640625,271.97794723736126],[1.69586181640625,265.24916318359374]]},{"type":"AddLine","points":[[1.69586181640625,24.501965966796888]]},{"type":"AddCurve","points":[[1.69586181640625,17.773181913029305],[1.69586181640625,13.735911480768777],[2.8195326341115106,11.044397859261778]]},{"type":"AddCurve","points":[[4.2317551570718024,7.1643483661831056],[7.2882192157924237,4.1078843074624274],[11.168268708871096,2.6956617845021356]]},{"type":"AddCurve","points":[[13.859782330378152,1.571990966796875],[17.897052762638737,1.571990966796875],[24.625836816406263,1.571990966796875]]},{"type":"CloseSubpath"},{"type":"MoveToPoint","points":[[24.625836816406263,1.571990966796875]]}],"windingRule":0,"lineJoinStyle":0,"miterLimit":10},"isBackgroundTexture":true,"textBaseline":0,"isVerticalText":false,"textureType":5},"initialState":{"affineTransform":[1,0,0,1,0,0],"masksToBounds":false,"rotation":0,"scale":1,"position":{"pointX":182.30415344238281,"pointY":143.30357360839844},"width":368,"sublayerTransform":[1,0,0,0,0,1,0,0,0,0,1,0,0,0,0,1],"contentsRect":{"y":0,"x":0,"width":1,"height":1},"opacity":1,"edgeAntialiasingMask":0,"height":290,"hidden":false,"anchorPoint":{"pointX":0.50000004146410071,"pointY":0.49957091232825968}},"texture":"40725916E8F2AACB397EA63EEDDA38B8"}]},{"animations":[{"additive":false,"timeOffset":0,"beginTime":0,"repeatCount":0,"fillMode":"both","duration":2,"autoreverses":false,"animations":[{"repeatCount":0,"removedOnCompletion":true,"from":{"scalar":0.002},"timingFunction":"EaseInEaseOut","additive":false,"timeOffset":0,"autoreverses":false,"property":"zPosition","fillMode":"both","duration":2,"beginTime":0,"to":{"scalar":0.001}}],"removedOnCompletion":false}],"initialState":{"affineTransform":[1,0,0,1,0,0],"masksToBounds":false,"rotation":0,"scale":1,"position":{"pointX":960,"pointY":141.42372894287109},"width":1730,"sublayerTransform":[1,0,0,0,0,1,0,0,0,0,1,0,0,0,0,1],"contentsRect":{"y":0,"x":0,"width":1,"height":1},"opacity":1,"edgeAntialiasingMask":251658240,"height":112.84745788574216,"hidden":false,"anchorPoint":{"pointX":0.5,"pointY":0.5}},"layers":[{"animations":[{"additive":false,"timeOffset":0,"beginTime":0,"repeatCount":0,"fillMode":"both","duration":2,"autoreverses":false,"animations":[{"repeatCount":0,"removedOnCompletion":true,"from":{"texture":"33493E7E2A1A708C500F4D904BE84CC1"},"timingFunction":"EaseInEaseOut","additive":false,"timeOffset":0,"autoreverses":false,"property":"contents","fillMode":"both","duration":2,"beginTime":0,"to":{"texture":"33493E7E2A1A708C500F4D904BE84CC1"}}],"removedOnCompletion":false}],"layers":[],"texturedRectangle":{"singleTextureOpacity":1,"textXHeight":0.54931249999999998,"textBaseline":0.77612266540527342,"isBackgroundTexture":true,"isVerticalText":false,"textColor":[0,0,0,1],"textureType":6},"initialState":{"affineTransform":[1,0,0,1,0,0],"masksToBounds":false,"rotation":0,"scale":1,"position":{"pointX":865,"pointY":56.423728942871065},"width":694,"sublayerTransform":[1,0,0,0,0,1,0,0,0,0,1,0,0,0,0,1],"contentsRect":{"y":0,"x":0,"width":1,"height":1},"opacity":1,"edgeAntialiasingMask":0,"height":80,"hidden":false,"anchorPoint":{"pointX":1.2348703170028819,"pointY":0.40529661178588866}},"texture":"33493E7E2A1A708C500F4D904BE84CC1"}]},{"animations":[{"additive":false,"timeOffset":0,"beginTime":0,"repeatCount":0,"fillMode":"both","duration":2,"autoreverses":false,"animations":[{"repeatCount":0,"removedOnCompletion":true,"from":{"scalar":0.0030000000000000001},"timingFunction":"EaseInEaseOut","additive":false,"timeOffset":0,"autoreverses":false,"property":"zPosition","fillMode":"both","duration":2,"beginTime":0,"to":{"scalar":0.0030000000000000001}}],"removedOnCompletion":false}],"initialState":{"affineTransform":[1,0,0,1,0,0],"masksToBounds":false,"rotation":0,"scale":1,"position":{"pointX":960.00000005383663,"pointY":430.87557586766604},"width":364.60830688476562,"sublayerTransform":[1,0,0,0,0,1,0,0,0,0,1,0,0,0,0,1],"contentsRect":{"y":0,"x":0,"width":1,"height":1},"opacity":1,"edgeAntialiasingMask":251658240,"height":286.60714721679688,"hidden":false,"anchorPoint":{"pointX":0.5,"pointY":0.5}},"layers":[{"animations":[{"additive":false,"timeOffset":0,"beginTime":0,"repeatCount":0,"fillMode":"both","duration":2,"autoreverses":false,"animations":[{"repeatCount":0,"removedOnCompletion":true,"from":{"scalar":1},"timingFunction":"EaseInEaseOut","additive":false,"timeOffset":0,"autoreverses":false,"property":"opacity","fillMode":"forwards","duration":0.66659999999999997,"beginTime":0,"to":{"scalar":0}},{"additive":false,"timeOffset":0,"beginTime":0.66659999999999997,"from":{"scalar":true},"repeatCount":0,"fillMode":"forwards","duration":1.3334000000000001,"autoreverses":false,"property":"hidden","to":{"scalar":true},"removedOnCompletion":true}],"removedOnCompletion":false}],"layers":[],"texturedRectangle":{"singleTextureOpacity":1,"textXHeight":0,"shapePath":{"lineWidth":1,"flatness":0.59999999999999998,"lineCapStyle":0,"elements":[{"type":"MoveToPoint","points":[[24.62582161145383,1.572002259267606]]},{"type":"AddLine","points":[[343.37417849621943,1.572002259267606]]},{"type":"AddCurve","points":[[350.10296254998684,1.572002259267606],[354.14023298224765,1.572002259267606],[356.83174660375448,2.6956730769728665]]},{"type":"AddCurve","points":[[360.71179609683327,4.1078955999331583],[363.76826015555389,7.1643596586537797],[365.18048267851418,11.044409151732509]]},{"type":"AddCurve","points":[[366.30415349621944,13.735922773239508],[366.30415349621944,17.773193205500036],[366.30415349621944,24.501977259267619]]},{"type":"AddLine","points":[[366.30415349621944,265.24917447606447]]},{"type":"AddCurve","points":[[366.30415349621944,271.97795852983199],[366.30415349621944,276.01522896209258],[365.18048267851418,278.70674258359963]]},{"type":"AddCurve","points":[[363.76826015555389,282.58679207667819],[360.71179609683327,285.64325613539893],[356.83174660375448,287.05547865835922]]},{"type":"AddCurve","points":[[354.14023298224765,288.17914947606448],[350.10296254998684,288.17914947606448],[343.37417849621943,288.17914947606448]]},{"type":"AddLine","points":[[24.62582161145383,288.17914947606448]]},{"type":"AddCurve","points":[[17.897037557686303,288.17914947606448],[13.859767125425719,288.17914947606448],[11.168253503918663,287.05547865835922]]},{"type":"AddCurve","points":[[7.2882040108399906,285.64325613539893],[4.2317399521193693,282.58679207667819],[2.8195174291590774,278.70674258359963]]},{"type":"AddCurve","points":[[1.6958466114538169,276.01522896209258],[1.6958466114538169,271.97795852983199],[1.6958466114538169,265.24917447606447]]},{"type":"AddLine","points":[[1.6958466114538169,24.501977259267619]]},{"type":"AddCurve","points":[[1.6958466114538169,17.773193205500036],[1.6958466114538169,13.735922773239508],[2.8195174291590774,11.044409151732509]]},{"type":"AddCurve","points":[[4.2317399521193693,7.1643596586538365],[7.2882040108399906,4.1078955999331583],[11.168253503918663,2.6956730769728665]]},{"type":"AddCurve","points":[[13.859767125425719,1.572002259267606],[17.897037557686303,1.572002259267606],[24.62582161145383,1.572002259267606]]},{"type":"CloseSubpath"},{"type":"MoveToPoint","points":[[24.62582161145383,1.572002259267606]]}],"windingRule":0,"lineJoinStyle":0,"miterLimit":10},"isBackgroundTexture":true,"textBaseline":0,"isVerticalText":false,"textureType":5},"initialState":{"affineTransform":[1,0,0,1,0,0],"masksToBounds":false,"rotation":0,"scale":1,"position":{"pointX":182.30415344238281,"pointY":143.30357360839844},"width":368,"sublayerTransform":[1,0,0,0,0,1,0,0,0,0,1,0,0,0,0,1],"contentsRect":{"y":0,"x":0,"width":1,"height":1},"opacity":1,"edgeAntialiasingMask":0,"height":290,"hidden":false,"anchorPoint":{"pointX":0.5000000001462952,"pointY":0.49957095126781392}},"texture":"67BBADE9204C30ED7A29F2AFB3D7FE74"}]},{"animations":[{"additive":false,"timeOffset":0,"beginTime":0,"repeatCount":0,"fillMode":"both","duration":2,"autoreverses":false,"animations":[{"repeatCount":0,"removedOnCompletion":true,"from":{"scalar":0.0040000000000000001},"timingFunction":"EaseInEaseOut","additive":false,"timeOffset":0,"autoreverses":false,"property":"zPosition","fillMode":"both","duration":2,"beginTime":0,"to":{"scalar":0.0040000000000000001}}],"removedOnCompletion":false}],"initialState":{"affineTransform":[1,0,0,1,0,0],"masksToBounds":false,"rotation":0,"scale":1,"position":{"pointX":960.00000005383663,"pointY":430.87557586766604},"width":364.60830688476562,"sublayerTransform":[1,0,0,0,0,1,0,0,0,0,1,0,0,0,0,1],"contentsRect":{"y":0,"x":0,"width":1,"height":1},"opacity":1,"edgeAntialiasingMask":251658240,"height":286.60714721679688,"hidden":false,"anchorPoint":{"pointX":0.5,"pointY":0.5}},"layers":[{"animations":[{"additive":false,"timeOffset":0,"beginTime":0,"repeatCount":0,"fillMode":"both","duration":2,"autoreverses":false,"animations":[{"repeatCount":0,"removedOnCompletion":true,"from":{"scalar":1},"timingFunction":"EaseInEaseOut","additive":false,"timeOffset":0,"autoreverses":false,"property":"opacity","fillMode":"forwards","duration":0.66659999999999997,"beginTime":0,"to":{"scalar":0}},{"additive":false,"timeOffset":0,"beginTime":0.66659999999999997,"from":{"scalar":true},"repeatCount":0,"fillMode":"forwards","duration":1.3334000000000001,"autoreverses":false,"property":"hidden","to":{"scalar":true},"removedOnCompletion":true}],"removedOnCompletion":false}],"layers":[],"texturedRectangle":{"singleTextureOpacity":1,"textXHeight":0.5013333333333333,"textBaseline":0.74848278626568499,"isBackgroundTexture":true,"isVerticalText":false,"textColor":[0.99991613626480103,1,0.99988490343093872,1],"textureType":6},"initialState":{"affineTransform":[1,0,0,1,0,0],"masksToBounds":false,"rotation":0,"scale":1,"position":{"pointX":182.30415344238281,"pointY":143.30357360839844},"width":292,"sublayerTransform":[1,0,0,0,0,1,0,0,0,0,1,0,0,0,0,1],"contentsRect":{"y":0,"x":0,"width":1,"height":1},"opacity":1,"edgeAntialiasingMask":0,"height":33,"hidden":false,"anchorPoint":{"pointX":0.50342465771861855,"pointY":0.39016896568684978}},"texture":"DA0A4B90BFEEC8556B7073D5426AB7EB"}]},{"animations":[{"additive":false,"timeOffset":0,"beginTime":0,"repeatCount":0,"fillMode":"both","duration":2,"autoreverses":false,"animations":[{"repeatCount":0,"removedOnCompletion":true,"from":{"scalar":0.0050000000000000001},"timingFunction":"EaseInEaseOut","additive":false,"timeOffset":0,"autoreverses":false,"property":"zPosition","fillMode":"both","duration":2,"beginTime":0,"to":{"scalar":0.0050000000000000001}}],"removedOnCompletion":false}],"initialState":{"affineTransform":[1,0,0,1,0,0],"masksToBounds":false,"rotation":0,"scale":1,"position":{"pointX":364.68895450715092,"pointY":336.49769576024443},"width":263.75576782226562,"sublayerTransform":[1,0,0,0,0,1,0,0,0,0,1,0,0,0,0,1],"contentsRect":{"y":0,"x":0,"width":1,"height":1},"opacity":1,"edgeAntialiasingMask":251658240,"height":100,"hidden":false,"anchorPoint":{"pointX":0.5,"pointY":0.5}},"layers":[{"animations":[{"additive":false,"timeOffset":0,"beginTime":0,"repeatCount":0,"fillMode":"both","duration":2,"autoreverses":false,"animations":[{"repeatCount":0,"removedOnCompletion":true,"from":{"texture":"23F40FD922B96DC8299BB77389E0001D"},"timingFunction":"EaseInEaseOut","additive":false,"timeOffset":0,"autoreverses":false,"property":"contents","fillMode":"both","duration":2,"beginTime":0,"to":{"texture":"23F40FD922B96DC8299BB77389E0001D"}}],"removedOnCompletion":false}],"layers":[],"texturedRectangle":{"singleTextureOpacity":1,"textXHeight":0,"shapePath":{"lineWidth":1,"flatness":0.59999999999999998,"lineCapStyle":0,"elements":[{"type":"MoveToPoint","points":[[24.741045596018068,1.4976957602444259]]},{"type":"AddLine","points":[[242.63686341828372,1.4976957602444259]]},{"type":"AddCurve","points":[[249.36564747205125,1.4976957602444259],[253.40291790431183,1.4976957602444259],[256.09443152581883,2.6213665779496864]]},{"type":"AddCurve","points":[[259.97448101889756,4.0335891009099782],[263.03094507761818,7.0900531596306564],[264.44316760057848,10.970102652709329]]},{"type":"AddCurve","points":[[265.56683841828374,13.661616274216328],[265.56683841828374,17.698886706476856],[265.56683841828374,24.427670760244439]]},{"type":"AddLine","points":[[265.56683841828374,78.567720760244413]]},{"type":"AddCurve","points":[[265.56683841828374,85.296504814011996],[265.56683841828374,89.333775246272523],[264.44316760057848,92.025288867779523]]},{"type":"AddCurve","points":[[263.03094507761818,95.905338360858195],[259.97448101889756,98.961802419578873],[256.09443152581883,100.37402494253917]]},{"type":"AddCurve","points":[[253.40291790431183,101.49769576024443],[249.36564747205125,101.49769576024443],[242.63686341828372,101.49769576024443]]},{"type":"AddLine","points":[[24.741045596018068,101.49769576024443]]},{"type":"AddCurve","points":[[18.012261542250542,101.49769576024443],[13.974991109989986,101.49769576024443],[11.283477488482959,100.37402494253922]]},{"type":"AddCurve","points":[[7.4034279954042859,98.961802419578873],[4.3469639366836361,95.905338360858195],[2.9347414137233159,92.025288867779523]]},{"type":"AddCurve","points":[[1.8110705960180837,89.333775246272523],[1.8110705960180837,85.296504814011996],[1.8110705960180837,78.567720760244413]]},{"type":"AddLine","points":[[1.8110705960180837,24.427670760244439]]},{"type":"AddCurve","points":[[1.8110705960180837,17.698886706476856],[1.8110705960180837,13.661616274216328],[2.9347414137233159,10.970102652709329]]},{"type":"AddCurve","points":[[4.3469639366836361,7.0900531596306564],[7.4034279954042859,4.0335891009099782],[11.283477488482987,2.6213665779496864]]},{"type":"AddCurve","points":[[13.974991109989986,1.4976957602444259],[18.012261542250542,1.4976957602444259],[24.741045596018068,1.4976957602444259]]},{"type":"CloseSubpath"},{"type":"MoveToPoint","points":[[24.741045596018068,1.4976957602444259]]}],"windingRule":0,"lineJoinStyle":0,"miterLimit":10},"isBackgroundTexture":true,"textBaseline":0,"isVerticalText":false,"textureType":5},"initialState":{"affineTransform":[1,0,0,1,0,0],"masksToBounds":false,"rotation":0,"scale":1,"position":{"pointX":131.87788391113284,"pointY":50},"width":267,"sublayerTransform":[1,0,0,0,0,1,0,0,0,0,1,0,0,0,0,1],"contentsRect":{"y":0,"x":0,"width":1,"height":1},"opacity":1,"edgeAntialiasingMask":0,"height":103,"hidden":false,"anchorPoint":{"pointX":0.50070769478333677,"pointY":0.49997762874023716}},"texture":"23F40FD922B96DC8299BB77389E0001D"}]},{"animations":[{"additive":false,"timeOffset":0,"beginTime":0,"repeatCount":0,"fillMode":"both","duration":2,"autoreverses":false,"animations":[{"repeatCount":0,"removedOnCompletion":true,"from":{"scalar":0.0060000000000000001},"timingFunction":"EaseInEaseOut","additive":false,"timeOffset":0,"autoreverses":false,"property":"zPosition","fillMode":"both","duration":2,"beginTime":0,"to":{"scalar":0.0060000000000000001}}],"removedOnCompletion":false}],"initialState":{"affineTransform":[1,0,0,1,0,0],"masksToBounds":false,"rotation":0,"scale":1,"position":{"pointX":1510.1728057861328,"pointY":430.87557983398438},"width":263.75576782226562,"sublayerTransform":[1,0,0,0,0,1,0,0,0,0,1,0,0,0,0,1],"contentsRect":{"y":0,"x":0,"width":1,"height":1},"opacity":1,"edgeAntialiasingMask":251658240,"height":100,"hidden":false,"anchorPoint":{"pointX":0.5,"pointY":0.5}},"layers":[{"animations":[{"additive":false,"timeOffset":0,"beginTime":0,"repeatCount":0,"fillMode":"both","duration":2,"autoreverses":false,"animations":[{"repeatCount":0,"removedOnCompletion":true,"from":{"texture":"1B4F8700915F51F3A9CBC82AEE739026"},"timingFunction":"EaseInEaseOut","additive":false,"timeOffset":0,"autoreverses":false,"property":"contents","fillMode":"both","duration":2,"beginTime":0,"to":{"texture":"737371EF666BA8CCE7C84871B27A1886"}},{"repeatCount":0,"removedOnCompletion":true,"from":{"pointX":0,"pointY":0},"timingFunction":"EaseInEaseOut","additive":false,"timeOffset":0,"autoreverses":false,"property":"transform.translation","fillMode":"both","duration":2,"beginTime":0,"to":{"pointX":-1146,"pointY":95}}],"removedOnCompletion":false}],"layers":[],"texturedRectangle":{"singleTextureOpacity":1,"textXHeight":0,"shapePath":{"lineWidth":1,"flatness":0.59999999999999998,"lineCapStyle":0,"elements":[{"type":"MoveToPoint","points":[[24.224896875000013,1.875579833984375]]},{"type":"AddLine","points":[[242.12071469726561,1.875579833984375]]},{"type":"AddCurve","points":[[248.84949875103325,1.875579833984375],[252.88676918329384,1.875579833984375],[255.57828280480066,2.9992506516896356]]},{"type":"AddCurve","points":[[259.45833229787945,4.4114731746499274],[262.51479635660007,7.4679372333705487],[263.92701887956036,11.347986726449278]]},{"type":"AddCurve","points":[[265.05068969726562,14.039500347956277],[265.05068969726562,18.076770780216805],[265.05068969726562,24.805554833984388]]},{"type":"AddLine","points":[[265.05068969726562,78.945604833984362]]},{"type":"AddCurve","points":[[265.05068969726562,85.674388887751945],[265.05068969726562,89.711659320012473],[263.92701887956036,92.403172941519472]]},{"type":"AddCurve","points":[[262.51479635660007,96.283222434598201],[259.45833229787945,99.339686493318823],[255.57828280480066,100.75190901627911]]},{"type":"AddCurve","points":[[252.88676918329384,101.87557983398438],[248.84949875103325,101.87557983398438],[242.12071469726561,101.87557983398438]]},{"type":"AddLine","points":[[24.224896875000013,101.87557983398438]]},{"type":"AddCurve","points":[[17.496112821232373,101.87557983398438],[13.458842388972016,101.87557983398438],[10.76732876746496,100.75190901627911]]},{"type":"AddCurve","points":[[6.8872792743861737,99.339686493318823],[3.8308152156655524,96.283222434598201],[2.4185926927052606,92.403172941519472]]},{"type":"AddCurve","points":[[1.294921875,89.711659320012473],[1.294921875,85.674388887751945],[1.294921875,78.945604833984362]]},{"type":"AddLine","points":[[1.294921875,24.805554833984388]]},{"type":"AddCurve","points":[[1.294921875,18.076770780216805],[1.294921875,14.039500347956277],[2.4185926927052606,11.347986726449278]]},{"type":"AddCurve","points":[[3.8308152156655524,7.4679372333706056],[6.8872792743861737,4.4114731746499274],[10.76732876746496,2.9992506516896356]]},{"type":"AddCurve","points":[[13.458842388972016,1.875579833984375],[17.496112821232373,1.875579833984375],[24.224896875000013,1.875579833984375]]},{"type":"CloseSubpath"},{"type":"MoveToPoint","points":[[24.224896875000013,1.875579833984375]]}],"windingRule":0,"lineJoinStyle":0,"miterLimit":10},"isBackgroundTexture":true,"textBaseline":0,"isVerticalText":false,"textureType":5},"initialState":{"affineTransform":[1,0,0,1,0,0],"masksToBounds":false,"rotation":0,"scale":1,"position":{"pointX":131.87788391113281,"pointY":50},"width":267,"sublayerTransform":[1,0,0,0,0,1,0,0,0,0,1,0,0,0,0,1],"contentsRect":{"y":0,"x":0,"width":1,"height":1},"opacity":1,"edgeAntialiasingMask":0,"height":103,"hidden":false,"anchorPoint":{"pointX":0.49877455350611538,"pointY":0.50364640615518808}},"texture":"1B4F8700915F51F3A9CBC82AEE739026"}]},{"animations":[{"additive":false,"timeOffset":0,"beginTime":0,"repeatCount":0,"fillMode":"both","duration":2,"autoreverses":false,"animations":[{"repeatCount":0,"removedOnCompletion":true,"from":{"scalar":0.0070000000000000001},"timingFunction":"EaseInEaseOut","additive":false,"timeOffset":0,"autoreverses":false,"property":"zPosition","fillMode":"both","duration":2,"beginTime":0,"to":{"scalar":0.0070000000000000001}}],"removedOnCompletion":false}],"initialState":{"affineTransform":[1,0,0,1,0,0],"masksToBounds":false,"rotation":0,"scale":1,"position":{"pointX":364.68894958496094,"pointY":525.14791870117188},"width":263.75576782226562,"sublayerTransform":[1,0,0,0,0,1,0,0,0,0,1,0,0,0,0,1],"contentsRect":{"y":0,"x":0,"width":1,"height":1},"opacity":1,"edgeAntialiasingMask":251658240,"height":100,"hidden":false,"anchorPoint":{"pointX":0.5,"pointY":0.5}},"layers":[{"animations":[{"additive":false,"timeOffset":0,"beginTime":0,"repeatCount":0,"fillMode":"both","duration":2,"autoreverses":false,"animations":[{"repeatCount":0,"removedOnCompletion":true,"from":{"scalar":1},"timingFunction":"EaseInEaseOut","additive":false,"timeOffset":0,"autoreverses":false,"property":"transform.scale.x","fillMode":"both","duration":2,"beginTime":0,"to":{"scalar":0.99625468164794007}},{"repeatCount":0,"removedOnCompletion":true,"from":{"scalar":1},"timingFunction":"EaseInEaseOut","additive":false,"timeOffset":0,"autoreverses":false,"property":"transform.scale.y","fillMode":"both","duration":2,"beginTime":0,"to":{"scalar":1}},{"repeatCount":0,"removedOnCompletion":true,"from":{"texture":"97E30742A9BCBCDBC0FCADD2AD50853E"},"timingFunction":"EaseInEaseOut","additive":false,"timeOffset":0,"autoreverses":false,"property":"contents","fillMode":"both","duration":1.3333999999999999,"beginTime":0.66660000000000008,"to":{"texture":"6514F6C887AA2533DE50C28B84492C4C"}},{"repeatCount":0,"removedOnCompletion":true,"from":{"pointX":0,"pointY":0},"timingFunction":"EaseInEaseOut","additive":false,"timeOffset":0,"autoreverses":false,"property":"transform.translation","fillMode":"both","duration":2,"beginTime":0,"to":{"pointX":1150.4992923236518,"pointY":-95}}],"removedOnCompletion":false}],"layers":[],"texturedRectangle":{"singleTextureOpacity":1,"textXHeight":0,"shapePath":{"lineWidth":1,"flatness":0.59999999999999998,"lineCapStyle":0,"elements":[{"type":"MoveToPoint","points":[[24.741040673828138,1.147918701171875]]},{"type":"AddLine","points":[[242.63685849609374,1.147918701171875]]},{"type":"AddCurve","points":[[249.36564254986132,1.147918701171875],[253.40291298212185,1.147918701171875],[256.0944266036289,2.2715895188771356]]},{"type":"AddCurve","points":[[259.97447609670758,3.6838120418374274],[263.0309401554282,6.7402761005580487],[264.44316267838849,10.620325593636778]]},{"type":"AddCurve","points":[[265.56683349609375,13.311839215143777],[265.56683349609375,17.349109647404305],[265.56683349609375,24.077893701171888]]},{"type":"AddLine","points":[[265.56683349609375,78.217943701171862]]},{"type":"AddCurve","points":[[265.56683349609375,84.946727754939388],[265.56683349609375,88.983998187199973],[264.44316267838849,91.675511808707029]]},{"type":"AddCurve","points":[[263.0309401554282,95.555561301785701],[259.97447609670758,98.612025360506323],[256.0944266036289,100.02424788346661]]},{"type":"AddCurve","points":[[253.40291298212185,101.14791870117188],[249.36564254986132,101.14791870117188],[242.63685849609374,101.14791870117188]]},{"type":"AddLine","points":[[24.741040673828138,101.14791870117188]]},{"type":"AddCurve","points":[[18.012256620060555,101.14791870117188],[13.974986187800027,101.14791870117188],[11.283472566293028,100.02424788346661]]},{"type":"AddCurve","points":[[7.4034230732143271,98.612025360506323],[4.3469590144936774,95.555561301785701],[2.9347364915333571,91.675511808707029]]},{"type":"AddCurve","points":[[1.811065673828125,88.983998187199973],[1.811065673828125,84.946727754939388],[1.811065673828125,78.217943701171862]]},{"type":"AddLine","points":[[1.811065673828125,24.077893701171888]]},{"type":"AddCurve","points":[[1.811065673828125,17.349109647404305],[1.811065673828125,13.311839215143777],[2.9347364915333571,10.620325593636778]]},{"type":"AddCurve","points":[[4.3469590144936774,6.7402761005581056],[7.4034230732143271,3.6838120418374274],[11.283472566293028,2.2715895188771356]]},{"type":"AddCurve","points":[[13.974986187800027,1.147918701171875],[18.012256620060555,1.147918701171875],[24.741040673828138,1.147918701171875]]},{"type":"CloseSubpath"},{"type":"MoveToPoint","points":[[24.741040673828138,1.147918701171875]]}],"windingRule":0,"lineJoinStyle":0,"miterLimit":10},"isBackgroundTexture":true,"textBaseline":0,"isVerticalText":false,"textureType":5},"initialState":{"affineTransform":[1,0,0,1,0,0],"masksToBounds":false,"rotation":0,"scale":1,"position":{"pointX":131.87788391113281,"pointY":50},"width":267,"sublayerTransform":[1,0,0,0,0,1,0,0,0,0,1,0,0,0,0,1],"contentsRect":{"y":0,"x":0,"width":1,"height":1},"opacity":1,"edgeAntialiasingMask":0,"height":103,"hidden":false,"anchorPoint":{"pointX":0.50070767634816826,"pointY":0.49658173496283375}},"texture":"97E30742A9BCBCDBC0FCADD2AD50853E"}]},{"animations":[{"additive":false,"timeOffset":0,"beginTime":0,"repeatCount":0,"fillMode":"both","duration":2,"autoreverses":false,"animations":[{"repeatCount":0,"removedOnCompletion":true,"from":{"scalar":0.0080000000000000002},"timingFunction":"EaseInEaseOut","additive":false,"timeOffset":0,"autoreverses":false,"property":"zPosition","fillMode":"both","duration":2,"beginTime":0,"to":{"scalar":0.0080000000000000002}}],"removedOnCompletion":false}],"initialState":{"affineTransform":[1,0,0,1,0,0],"masksToBounds":false,"rotation":0,"scale":1,"position":{"pointX":637.31152025949268,"pointY":336.47797112980157},"width":286.79363378070411,"sublayerTransform":[1,0,0,0,0,1,0,0,0,0,1,0,0,0,0,1],"contentsRect":{"y":0,"x":0,"width":1,"height":1},"opacity":1,"edgeAntialiasingMask":251658240,"height":27.734924713284158,"hidden":false,"anchorPoint":{"pointX":0.5,"pointY":0.5}},"layers":[{"animations":[{"additive":false,"timeOffset":0,"beginTime":0,"repeatCount":0,"fillMode":"both","duration":2,"autoreverses":false,"animations":[{"repeatCount":0,"removedOnCompletion":true,"from":{"texture":"66537F099CE1B69667BA5266798A75E3"},"timingFunction":"EaseInEaseOut","additive":false,"timeOffset":0,"autoreverses":false,"property":"contents","fillMode":"both","duration":2,"beginTime":0,"to":{"texture":"66537F099CE1B69667BA5266798A75E3"}}],"removedOnCompletion":false}],"layers":[],"texturedRectangle":{"singleTextureOpacity":1,"textXHeight":0,"shapePath":{"lineWidth":1,"flatness":0.59999999999999998,"lineCapStyle":0,"elements":[{"type":"MoveToPoint","points":[[4.914703369140625,15.4976806640625]]},{"type":"AddLine","points":[[267.89588403656637,15.4976806640625]]}],"windingRule":0,"lineJoinStyle":0,"miterLimit":10},"isBackgroundTexture":true,"textBaseline":0,"isVerticalText":false,"textureType":5},"initialState":{"affineTransform":[1,0,0,1,0,0],"masksToBounds":false,"rotation":0,"scale":1,"position":{"pointX":143.39682006835938,"pointY":13.887171890903005},"width":290,"sublayerTransform":[1,0,0,0,0,1,0,0,0,0,1,0,0,0,0,1],"contentsRect":{"y":0,"x":0,"width":1,"height":1},"opacity":1,"edgeAntialiasingMask":0,"height":31,"hidden":false,"anchorPoint":{"pointX":0.50107421875000002,"pointY":0.49992518271169356}},"texture":"66537F099CE1B69667BA5266798A75E3"}]},{"animations":[{"additive":false,"timeOffset":0,"beginTime":0,"repeatCount":0,"fillMode":"both","duration":2,"autoreverses":false,"animations":[{"repeatCount":0,"removedOnCompletion":true,"from":{"scalar":0.0090000000000000011},"timingFunction":"EaseInEaseOut","additive":false,"timeOffset":0,"autoreverses":false,"property":"zPosition","fillMode":"both","duration":2,"beginTime":0,"to":{"scalar":0.0090000000000000011}}],"removedOnCompletion":false}],"initialState":{"affineTransform":[1,0,0,1,0,0],"masksToBounds":false,"rotation":0,"scale":1,"position":{"pointX":637.31152345939336,"pointY":525.12823968448902},"width":286.79370121566171,"sublayerTransform":[1,0,0,0,0,1,0,0,0,0,1,0,0,0,0,1],"contentsRect":{"y":0,"x":0,"width":1,"height":1},"opacity":1,"edgeAntialiasingMask":251658240,"height":27.734924713284158,"hidden":false,"anchorPoint":{"pointX":0.5,"pointY":0.5}},"layers":[{"animations":[{"additive":false,"timeOffset":0,"beginTime":0,"repeatCount":0,"fillMode":"both","duration":2,"autoreverses":false,"animations":[{"repeatCount":0,"removedOnCompletion":true,"from":{"texture":"967736F556252E34F3CFC84CC35FD6A8"},"timingFunction":"EaseInEaseOut","additive":false,"timeOffset":0,"autoreverses":false,"property":"contents","fillMode":"both","duration":2,"beginTime":0,"to":{"texture":"967736F556252E34F3CFC84CC35FD6A8"}}],"removedOnCompletion":false}],"layers":[],"texturedRectangle":{"singleTextureOpacity":1,"textXHeight":0,"shapePath":{"lineWidth":1,"flatness":0.59999999999999998,"lineCapStyle":0,"elements":[{"type":"MoveToPoint","points":[[4.9146728515625,15.14794921875]]},{"type":"AddLine","points":[[267.89592095394585,15.14794921875]]}],"windingRule":0,"lineJoinStyle":0,"miterLimit":10},"isBackgroundTexture":true,"textBaseline":0,"isVerticalText":false,"textureType":5},"initialState":{"affineTransform":[1,0,0,1,0,0],"masksToBounds":false,"rotation":0,"scale":1,"position":{"pointX":143.3968505859375,"pointY":13.887171890903005},"width":290,"sublayerTransform":[1,0,0,0,0,1,0,0,0,0,1,0,0,0,0,1],"contentsRect":{"y":0,"x":0,"width":1,"height":1},"opacity":1,"edgeAntialiasingMask":0,"height":30,"hidden":false,"anchorPoint":{"pointX":0.50107421875000002,"pointY":0.50493164062499996}},"texture":"967736F556252E34F3CFC84CC35FD6A8"}]},{"animations":[{"additive":false,"timeOffset":0,"beginTime":0,"repeatCount":0,"fillMode":"both","duration":2,"autoreverses":false,"animations":[{"repeatCount":0,"removedOnCompletion":true,"from":{"scalar":0.01},"timingFunction":"EaseInEaseOut","additive":false,"timeOffset":0,"autoreverses":false,"property":"zPosition","fillMode":"both","duration":2,"beginTime":0,"to":{"scalar":0.01}}],"removedOnCompletion":false}],"initialState":{"affineTransform":[1,0,0,1,0,0],"masksToBounds":false,"rotation":0,"scale":1,"position":{"pointX":1260.299529063499,"pointY":430.85587029972345},"width":247.51629445512299,"sublayerTransform":[1,0,0,0,0,1,0,0,0,0,1,0,0,0,0,1],"contentsRect":{"y":0,"x":0,"width":1,"height":1},"opacity":1,"edgeAntialiasingMask":251658240,"height":27.734924713284158,"hidden":false,"anchorPoint":{"pointX":0.5,"pointY":0.5}},"layers":[{"animations":[{"additive":false,"timeOffset":0,"beginTime":0,"repeatCount":0,"fillMode":"both","duration":2,"autoreverses":false,"animations":[{"repeatCount":0,"removedOnCompletion":true,"from":{"texture":"82C65451534D7211F5B8A1B45E723655"},"timingFunction":"EaseInEaseOut","additive":false,"timeOffset":0,"autoreverses":false,"property":"contents","fillMode":"both","duration":2,"beginTime":0,"to":{"texture":"82C65451534D7211F5B8A1B45E723655"}}],"removedOnCompletion":false}],"layers":[],"texturedRectangle":{"singleTextureOpacity":1,"textXHeight":0,"shapePath":{"lineWidth":1,"flatness":0.59999999999999998,"lineCapStyle":0,"elements":[{"type":"MoveToPoint","points":[[4.5413818359375,15.875579833984375]]},{"type":"AddLine","points":[[228.24522317778201,15.875579833984375]]}],"windingRule":0,"lineJoinStyle":0,"miterLimit":10},"isBackgroundTexture":true,"textBaseline":0,"isVerticalText":false,"textureType":5},"initialState":{"affineTransform":[1,0,0,1,0,0],"masksToBounds":false,"rotation":0,"scale":1,"position":{"pointX":123.75814819335938,"pointY":13.887171890903005},"width":251,"sublayerTransform":[1,0,0,0,0,1,0,0,0,0,1,0,0,0,0,1],"contentsRect":{"y":0,"x":0,"width":1,"height":1},"opacity":1,"edgeAntialiasingMask":0,"height":31,"hidden":false,"anchorPoint":{"pointX":0.49920131485775648,"pointY":0.512115478515625}},"texture":"82C65451534D7211F5B8A1B45E723655"}]}]},"effects":[],"duration":2,"type":"transition","attributes":{"direction":0},"name":"apple:magic-move-implied-motion-path","objectID":"0"}],"automaticPlay":false,"hyperlinks":[],"accessibility":[{"text":"Program","targetRectangle":{"y":505.64791870117188,"x":301.2467935359478,"width":126.88,"height":38.07177734375}},{"text":"Input","targetRectangle":{"y":316.99769576024443,"x":326.76679845813777,"width":75.839999999999975,"height":38.07177734375}},{"text":"Machine Learning","targetRectangle":{"y":89,"x":99,"width":699.89000060796729,"height":100.53440856933594}},{"text":"Output","targetRectangle":{"y":411.37557983398438,"x":1459.2106497371196,"width":101.92000000000007,"height":38.07177734375}},{"text":"Traditional Program","targetRectangle":{"y":411.57200225926761,"x":815.32072161145379,"width":289.34400000000005,"height":38.07177734375}},{"text":"Machine Learning","targetRectangle":{"y":411.57199096679688,"x":827.80073681640624,"width":264.38400000000001,"height":38.07177734375}}],"baseLayer":{"animations":[],"initialState":{"affineTransform":[1,0,0,1,0,0],"masksToBounds":false,"rotation":0,"scale":1,"position":{"pointX":960,"pointY":540},"width":1920,"sublayerTransform":[1,0,0,0,0,1,0,0,0,0,1,0,0,0,0,1],"contentsRect":{"y":0,"x":0,"width":1,"height":1},"opacity":1,"edgeAntialiasingMask":251658240,"height":1080,"hidden":false,"anchorPoint":{"pointX":0.5,"pointY":0.5}},"objectID":"0","layers":[{"animations":[],"initialState":{"affineTransform":[1,0,0,1,0,0],"masksToBounds":false,"rotation":0,"scale":1,"position":{"pointX":960,"pointY":540},"width":1920,"sublayerTransform":[1,0,0,0,0,1,0,0,0,0,1,-0.00035007912466775983,0,0,0,1],"contentsRect":{"y":0,"x":0,"width":1,"height":1},"opacity":1,"edgeAntialiasingMask":251658240,"height":1080,"hidden":false,"anchorPoint":{"pointX":0.5,"pointY":0.5}},"layers":[{"animations":[],"initialState":{"affineTransform":[1,0,0,1,0,0],"masksToBounds":false,"rotation":0,"scale":1,"position":{"pointX":960,"pointY":540},"width":1920,"sublayerTransform":[1,0,0,0,0,1,0,0,0,0,1,0,0,0,0,1],"contentsRect":{"y":0,"x":0,"width":1,"height":1},"opacity":1,"edgeAntialiasingMask":251658240,"height":1080,"hidden":false,"anchorPoint":{"pointX":0.5,"pointY":0.5}},"layers":[{"animations":[],"layers":[],"texturedRectangle":{"isBackgroundTexture":true,"singleTextureOpacity":1,"textureType":1,"textBaseline":0,"textXHeight":0,"isVerticalText":false},"initialState":{"affineTransform":[1,0,0,1,0,0],"masksToBounds":false,"rotation":0,"scale":1,"position":{"pointX":960,"pointY":540},"width":1920,"sublayerTransform":[1,0,0,0,0,1,0,0,0,0,1,0,0,0,0,1],"contentsRect":{"y":0,"x":0,"width":1,"height":1},"opacity":1,"edgeAntialiasingMask":0,"height":1080,"hidden":false,"anchorPoint":{"pointX":0.5,"pointY":0.5}},"texture":"7D64F29B41F5A3C3E90A3E1ABE95377F"}]}]},{"animations":[],"initialState":{"affineTransform":[1,0,0,1,0,0],"masksToBounds":false,"rotation":0,"scale":1,"position":{"pointX":960.00001525878906,"pointY":430.87556457519531},"width":364.60830688476562,"sublayerTransform":[1,0,0,0,0,1,0,0,0,0,1,0,0,0,0,1],"contentsRect":{"y":0,"x":0,"width":1,"height":1},"opacity":1,"edgeAntialiasingMask":251658240,"height":286.60714721679688,"hidden":false,"anchorPoint":{"pointX":0.5,"pointY":0.5}},"layers":[{"animations":[],"layers":[],"texturedRectangle":{"singleTextureOpacity":1,"textXHeight":0,"shapePath":{"lineWidth":1,"flatness":0.59999999999999998,"lineCapStyle":0,"elements":[{"type":"MoveToPoint","points":[[24.625836816406263,1.571990966796875]]},{"type":"AddLine","points":[[343.37419370117186,1.571990966796875]]},{"type":"AddCurve","points":[[350.10297775493927,1.571990966796875],[354.14024818720009,1.571990966796875],[356.83176180870691,2.6956617845021356]]},{"type":"AddCurve","points":[[360.7118113017857,4.1078843074624274],[363.76827536050632,7.1643483661830487],[365.18049788346661,11.044397859261778]]},{"type":"AddCurve","points":[[366.30416870117188,13.735911480768777],[366.30416870117188,17.773181913029305],[366.30416870117188,24.501965966796888]]},{"type":"AddLine","points":[[366.30416870117188,265.24916318359374]]},{"type":"AddCurve","points":[[366.30416870117188,271.97794723736126],[366.30416870117188,276.01521766962185],[365.18049788346661,278.70673129112879]]},{"type":"AddCurve","points":[[363.76827536050632,282.58678078420758],[360.7118113017857,285.6432448429282],[356.83176180870691,287.05546736588849]]},{"type":"AddCurve","points":[[354.14024818720009,288.17913818359375],[350.10297775493927,288.17913818359375],[343.37419370117186,288.17913818359375]]},{"type":"AddLine","points":[[24.625836816406263,288.17913818359375]]},{"type":"AddCurve","points":[[17.897052762638737,288.17913818359375],[13.859782330378152,288.17913818359375],[11.168268708871096,287.05546736588849]]},{"type":"AddCurve","points":[[7.2882192157924237,285.6432448429282],[4.2317551570718024,282.58678078420758],[2.8195326341115106,278.70673129112879]]},{"type":"AddCurve","points":[[1.69586181640625,276.01521766962185],[1.69586181640625,271.97794723736126],[1.69586181640625,265.24916318359374]]},{"type":"AddLine","points":[[1.69586181640625,24.501965966796888]]},{"type":"AddCurve","points":[[1.69586181640625,17.773181913029305],[1.69586181640625,13.735911480768777],[2.8195326341115106,11.044397859261778]]},{"type":"AddCurve","points":[[4.2317551570718024,7.1643483661831056],[7.2882192157924237,4.1078843074624274],[11.168268708871096,2.6956617845021356]]},{"type":"AddCurve","points":[[13.859782330378152,1.571990966796875],[17.897052762638737,1.571990966796875],[24.625836816406263,1.571990966796875]]},{"type":"CloseSubpath"},{"type":"MoveToPoint","points":[[24.625836816406263,1.571990966796875]]}],"windingRule":0,"lineJoinStyle":0,"miterLimit":10},"isBackgroundTexture":true,"textBaseline":0,"isVerticalText":false,"textureType":5},"initialState":{"affineTransform":[1,0,0,1,0,0],"masksToBounds":false,"rotation":0,"scale":1,"position":{"pointX":182.30415344238281,"pointY":143.30357360839844},"width":368,"sublayerTransform":[1,0,0,0,0,1,0,0,0,0,1,0,0,0,0,1],"contentsRect":{"y":0,"x":0,"width":1,"height":1},"opacity":1,"edgeAntialiasingMask":0,"height":290,"hidden":false,"anchorPoint":{"pointX":0.50000004146410071,"pointY":0.49957091232825968}},"texture":"40725916E8F2AACB397EA63EEDDA38B8"}]},{"animations":[],"initialState":{"affineTransform":[1,0,0,1,0,0],"masksToBounds":false,"rotation":0,"scale":1,"position":{"pointX":960,"pointY":141.42372894287109},"width":1730,"sublayerTransform":[1,0,0,0,0,1,0,0,0,0,1,0,0,0,0,1],"contentsRect":{"y":0,"x":0,"width":1,"height":1},"opacity":1,"edgeAntialiasingMask":251658240,"height":112.84745788574216,"hidden":false,"anchorPoint":{"pointX":0.5,"pointY":0.5}},"layers":[{"animations":[],"layers":[],"texturedRectangle":{"singleTextureOpacity":1,"textXHeight":0.54931249999999998,"textBaseline":0.77612266540527342,"isBackgroundTexture":true,"isVerticalText":false,"textColor":[0,0,0,1],"textureType":6},"initialState":{"affineTransform":[1,0,0,1,0,0],"masksToBounds":false,"rotation":0,"scale":1,"position":{"pointX":865,"pointY":56.423728942871065},"width":694,"sublayerTransform":[1,0,0,0,0,1,0,0,0,0,1,0,0,0,0,1],"contentsRect":{"y":0,"x":0,"width":1,"height":1},"opacity":1,"edgeAntialiasingMask":0,"height":80,"hidden":false,"anchorPoint":{"pointX":1.2348703170028819,"pointY":0.40529661178588866}},"texture":"33493E7E2A1A708C500F4D904BE84CC1"}]},{"animations":[],"initialState":{"affineTransform":[1,0,0,1,0,0],"masksToBounds":false,"rotation":0,"scale":1,"position":{"pointX":960.00000005383663,"pointY":430.87557586766604},"width":364.60830688476562,"sublayerTransform":[1,0,0,0,0,1,0,0,0,0,1,0,0,0,0,1],"contentsRect":{"y":0,"x":0,"width":1,"height":1},"opacity":1,"edgeAntialiasingMask":251658240,"height":286.60714721679688,"hidden":false,"anchorPoint":{"pointX":0.5,"pointY":0.5}},"layers":[{"animations":[],"layers":[],"texturedRectangle":{"singleTextureOpacity":1,"textXHeight":0,"shapePath":{"lineWidth":1,"flatness":0.59999999999999998,"lineCapStyle":0,"elements":[{"type":"MoveToPoint","points":[[24.62582161145383,1.572002259267606]]},{"type":"AddLine","points":[[343.37417849621943,1.572002259267606]]},{"type":"AddCurve","points":[[350.10296254998684,1.572002259267606],[354.14023298224765,1.572002259267606],[356.83174660375448,2.6956730769728665]]},{"type":"AddCurve","points":[[360.71179609683327,4.1078955999331583],[363.76826015555389,7.1643596586537797],[365.18048267851418,11.044409151732509]]},{"type":"AddCurve","points":[[366.30415349621944,13.735922773239508],[366.30415349621944,17.773193205500036],[366.30415349621944,24.501977259267619]]},{"type":"AddLine","points":[[366.30415349621944,265.24917447606447]]},{"type":"AddCurve","points":[[366.30415349621944,271.97795852983199],[366.30415349621944,276.01522896209258],[365.18048267851418,278.70674258359963]]},{"type":"AddCurve","points":[[363.76826015555389,282.58679207667819],[360.71179609683327,285.64325613539893],[356.83174660375448,287.05547865835922]]},{"type":"AddCurve","points":[[354.14023298224765,288.17914947606448],[350.10296254998684,288.17914947606448],[343.37417849621943,288.17914947606448]]},{"type":"AddLine","points":[[24.62582161145383,288.17914947606448]]},{"type":"AddCurve","points":[[17.897037557686303,288.17914947606448],[13.859767125425719,288.17914947606448],[11.168253503918663,287.05547865835922]]},{"type":"AddCurve","points":[[7.2882040108399906,285.64325613539893],[4.2317399521193693,282.58679207667819],[2.8195174291590774,278.70674258359963]]},{"type":"AddCurve","points":[[1.6958466114538169,276.01522896209258],[1.6958466114538169,271.97795852983199],[1.6958466114538169,265.24917447606447]]},{"type":"AddLine","points":[[1.6958466114538169,24.501977259267619]]},{"type":"AddCurve","points":[[1.6958466114538169,17.773193205500036],[1.6958466114538169,13.735922773239508],[2.8195174291590774,11.044409151732509]]},{"type":"AddCurve","points":[[4.2317399521193693,7.1643596586538365],[7.2882040108399906,4.1078955999331583],[11.168253503918663,2.6956730769728665]]},{"type":"AddCurve","points":[[13.859767125425719,1.572002259267606],[17.897037557686303,1.572002259267606],[24.62582161145383,1.572002259267606]]},{"type":"CloseSubpath"},{"type":"MoveToPoint","points":[[24.62582161145383,1.572002259267606]]}],"windingRule":0,"lineJoinStyle":0,"miterLimit":10},"isBackgroundTexture":true,"textBaseline":0,"isVerticalText":false,"textureType":5},"initialState":{"affineTransform":[1,0,0,1,0,0],"masksToBounds":false,"rotation":0,"scale":1,"position":{"pointX":182.30415344238281,"pointY":143.30357360839844},"width":368,"sublayerTransform":[1,0,0,0,0,1,0,0,0,0,1,0,0,0,0,1],"contentsRect":{"y":0,"x":0,"width":1,"height":1},"opacity":1,"edgeAntialiasingMask":0,"height":290,"hidden":false,"anchorPoint":{"pointX":0.5000000001462952,"pointY":0.49957095126781392}},"texture":"67BBADE9204C30ED7A29F2AFB3D7FE74"}]},{"animations":[],"initialState":{"affineTransform":[1,0,0,1,0,0],"masksToBounds":false,"rotation":0,"scale":1,"position":{"pointX":960.00000005383663,"pointY":430.87557586766604},"width":364.60830688476562,"sublayerTransform":[1,0,0,0,0,1,0,0,0,0,1,0,0,0,0,1],"contentsRect":{"y":0,"x":0,"width":1,"height":1},"opacity":1,"edgeAntialiasingMask":251658240,"height":286.60714721679688,"hidden":false,"anchorPoint":{"pointX":0.5,"pointY":0.5}},"layers":[{"animations":[],"layers":[],"texturedRectangle":{"singleTextureOpacity":1,"textXHeight":0.5013333333333333,"textBaseline":0.74848278626568499,"isBackgroundTexture":true,"isVerticalText":false,"textColor":[0.99991613626480103,1,0.99988490343093872,1],"textureType":6},"initialState":{"affineTransform":[1,0,0,1,0,0],"masksToBounds":false,"rotation":0,"scale":1,"position":{"pointX":182.30415344238281,"pointY":143.30357360839844},"width":292,"sublayerTransform":[1,0,0,0,0,1,0,0,0,0,1,0,0,0,0,1],"contentsRect":{"y":0,"x":0,"width":1,"height":1},"opacity":1,"edgeAntialiasingMask":0,"height":33,"hidden":false,"anchorPoint":{"pointX":0.50342465771861855,"pointY":0.39016896568684978}},"texture":"DA0A4B90BFEEC8556B7073D5426AB7EB"}]},{"animations":[],"initialState":{"affineTransform":[1,0,0,1,0,0],"masksToBounds":false,"rotation":0,"scale":1,"position":{"pointX":364.68895450715092,"pointY":336.49769576024443},"width":263.75576782226562,"sublayerTransform":[1,0,0,0,0,1,0,0,0,0,1,0,0,0,0,1],"contentsRect":{"y":0,"x":0,"width":1,"height":1},"opacity":1,"edgeAntialiasingMask":251658240,"height":100,"hidden":false,"anchorPoint":{"pointX":0.5,"pointY":0.5}},"layers":[{"animations":[],"layers":[],"texturedRectangle":{"singleTextureOpacity":1,"textXHeight":0,"shapePath":{"lineWidth":1,"flatness":0.59999999999999998,"lineCapStyle":0,"elements":[{"type":"MoveToPoint","points":[[24.741045596018068,1.4976957602444259]]},{"type":"AddLine","points":[[242.63686341828372,1.4976957602444259]]},{"type":"AddCurve","points":[[249.36564747205125,1.4976957602444259],[253.40291790431183,1.4976957602444259],[256.09443152581883,2.6213665779496864]]},{"type":"AddCurve","points":[[259.97448101889756,4.0335891009099782],[263.03094507761818,7.0900531596306564],[264.44316760057848,10.970102652709329]]},{"type":"AddCurve","points":[[265.56683841828374,13.661616274216328],[265.56683841828374,17.698886706476856],[265.56683841828374,24.427670760244439]]},{"type":"AddLine","points":[[265.56683841828374,78.567720760244413]]},{"type":"AddCurve","points":[[265.56683841828374,85.296504814011996],[265.56683841828374,89.333775246272523],[264.44316760057848,92.025288867779523]]},{"type":"AddCurve","points":[[263.03094507761818,95.905338360858195],[259.97448101889756,98.961802419578873],[256.09443152581883,100.37402494253917]]},{"type":"AddCurve","points":[[253.40291790431183,101.49769576024443],[249.36564747205125,101.49769576024443],[242.63686341828372,101.49769576024443]]},{"type":"AddLine","points":[[24.741045596018068,101.49769576024443]]},{"type":"AddCurve","points":[[18.012261542250542,101.49769576024443],[13.974991109989986,101.49769576024443],[11.283477488482959,100.37402494253922]]},{"type":"AddCurve","points":[[7.4034279954042859,98.961802419578873],[4.3469639366836361,95.905338360858195],[2.9347414137233159,92.025288867779523]]},{"type":"AddCurve","points":[[1.8110705960180837,89.333775246272523],[1.8110705960180837,85.296504814011996],[1.8110705960180837,78.567720760244413]]},{"type":"AddLine","points":[[1.8110705960180837,24.427670760244439]]},{"type":"AddCurve","points":[[1.8110705960180837,17.698886706476856],[1.8110705960180837,13.661616274216328],[2.9347414137233159,10.970102652709329]]},{"type":"AddCurve","points":[[4.3469639366836361,7.0900531596306564],[7.4034279954042859,4.0335891009099782],[11.283477488482987,2.6213665779496864]]},{"type":"AddCurve","points":[[13.974991109989986,1.4976957602444259],[18.012261542250542,1.4976957602444259],[24.741045596018068,1.4976957602444259]]},{"type":"CloseSubpath"},{"type":"MoveToPoint","points":[[24.741045596018068,1.4976957602444259]]}],"windingRule":0,"lineJoinStyle":0,"miterLimit":10},"isBackgroundTexture":true,"textBaseline":0,"isVerticalText":false,"textureType":5},"initialState":{"affineTransform":[1,0,0,1,0,0],"masksToBounds":false,"rotation":0,"scale":1,"position":{"pointX":131.87788391113284,"pointY":50},"width":267,"sublayerTransform":[1,0,0,0,0,1,0,0,0,0,1,0,0,0,0,1],"contentsRect":{"y":0,"x":0,"width":1,"height":1},"opacity":1,"edgeAntialiasingMask":0,"height":103,"hidden":false,"anchorPoint":{"pointX":0.50070769478333677,"pointY":0.49997762874023716}},"texture":"23F40FD922B96DC8299BB77389E0001D"}]},{"animations":[],"initialState":{"affineTransform":[1,0,0,1,0,0],"masksToBounds":false,"rotation":0,"scale":1,"position":{"pointX":1510.1728057861328,"pointY":430.87557983398438},"width":263.75576782226562,"sublayerTransform":[1,0,0,0,0,1,0,0,0,0,1,0,0,0,0,1],"contentsRect":{"y":0,"x":0,"width":1,"height":1},"opacity":1,"edgeAntialiasingMask":251658240,"height":100,"hidden":false,"anchorPoint":{"pointX":0.5,"pointY":0.5}},"layers":[{"animations":[],"layers":[],"texturedRectangle":{"singleTextureOpacity":1,"textXHeight":0,"shapePath":{"lineWidth":1,"flatness":0.59999999999999998,"lineCapStyle":0,"elements":[{"type":"MoveToPoint","points":[[24.224896875000013,1.875579833984375]]},{"type":"AddLine","points":[[242.12071469726561,1.875579833984375]]},{"type":"AddCurve","points":[[248.84949875103325,1.875579833984375],[252.88676918329384,1.875579833984375],[255.57828280480066,2.9992506516896356]]},{"type":"AddCurve","points":[[259.45833229787945,4.4114731746499274],[262.51479635660007,7.4679372333705487],[263.92701887956036,11.347986726449278]]},{"type":"AddCurve","points":[[265.05068969726562,14.039500347956277],[265.05068969726562,18.076770780216805],[265.05068969726562,24.805554833984388]]},{"type":"AddLine","points":[[265.05068969726562,78.945604833984362]]},{"type":"AddCurve","points":[[265.05068969726562,85.674388887751945],[265.05068969726562,89.711659320012473],[263.92701887956036,92.403172941519472]]},{"type":"AddCurve","points":[[262.51479635660007,96.283222434598201],[259.45833229787945,99.339686493318823],[255.57828280480066,100.75190901627911]]},{"type":"AddCurve","points":[[252.88676918329384,101.87557983398438],[248.84949875103325,101.87557983398438],[242.12071469726561,101.87557983398438]]},{"type":"AddLine","points":[[24.224896875000013,101.87557983398438]]},{"type":"AddCurve","points":[[17.496112821232373,101.87557983398438],[13.458842388972016,101.87557983398438],[10.76732876746496,100.75190901627911]]},{"type":"AddCurve","points":[[6.8872792743861737,99.339686493318823],[3.8308152156655524,96.283222434598201],[2.4185926927052606,92.403172941519472]]},{"type":"AddCurve","points":[[1.294921875,89.711659320012473],[1.294921875,85.674388887751945],[1.294921875,78.945604833984362]]},{"type":"AddLine","points":[[1.294921875,24.805554833984388]]},{"type":"AddCurve","points":[[1.294921875,18.076770780216805],[1.294921875,14.039500347956277],[2.4185926927052606,11.347986726449278]]},{"type":"AddCurve","points":[[3.8308152156655524,7.4679372333706056],[6.8872792743861737,4.4114731746499274],[10.76732876746496,2.9992506516896356]]},{"type":"AddCurve","points":[[13.458842388972016,1.875579833984375],[17.496112821232373,1.875579833984375],[24.224896875000013,1.875579833984375]]},{"type":"CloseSubpath"},{"type":"MoveToPoint","points":[[24.224896875000013,1.875579833984375]]}],"windingRule":0,"lineJoinStyle":0,"miterLimit":10},"isBackgroundTexture":true,"textBaseline":0,"isVerticalText":false,"textureType":5},"initialState":{"affineTransform":[1,0,0,1,0,0],"masksToBounds":false,"rotation":0,"scale":1,"position":{"pointX":131.87788391113281,"pointY":50},"width":267,"sublayerTransform":[1,0,0,0,0,1,0,0,0,0,1,0,0,0,0,1],"contentsRect":{"y":0,"x":0,"width":1,"height":1},"opacity":1,"edgeAntialiasingMask":0,"height":103,"hidden":false,"anchorPoint":{"pointX":0.49877455350611538,"pointY":0.50364640615518808}},"texture":"1B4F8700915F51F3A9CBC82AEE739026"}]},{"animations":[],"initialState":{"affineTransform":[1,0,0,1,0,0],"masksToBounds":false,"rotation":0,"scale":1,"position":{"pointX":364.68894958496094,"pointY":525.14791870117188},"width":263.75576782226562,"sublayerTransform":[1,0,0,0,0,1,0,0,0,0,1,0,0,0,0,1],"contentsRect":{"y":0,"x":0,"width":1,"height":1},"opacity":1,"edgeAntialiasingMask":251658240,"height":100,"hidden":false,"anchorPoint":{"pointX":0.5,"pointY":0.5}},"layers":[{"animations":[],"layers":[],"texturedRectangle":{"singleTextureOpacity":1,"textXHeight":0,"shapePath":{"lineWidth":1,"flatness":0.59999999999999998,"lineCapStyle":0,"elements":[{"type":"MoveToPoint","points":[[24.741040673828138,1.147918701171875]]},{"type":"AddLine","points":[[242.63685849609374,1.147918701171875]]},{"type":"AddCurve","points":[[249.36564254986132,1.147918701171875],[253.40291298212185,1.147918701171875],[256.0944266036289,2.2715895188771356]]},{"type":"AddCurve","points":[[259.97447609670758,3.6838120418374274],[263.0309401554282,6.7402761005580487],[264.44316267838849,10.620325593636778]]},{"type":"AddCurve","points":[[265.56683349609375,13.311839215143777],[265.56683349609375,17.349109647404305],[265.56683349609375,24.077893701171888]]},{"type":"AddLine","points":[[265.56683349609375,78.217943701171862]]},{"type":"AddCurve","points":[[265.56683349609375,84.946727754939388],[265.56683349609375,88.983998187199973],[264.44316267838849,91.675511808707029]]},{"type":"AddCurve","points":[[263.0309401554282,95.555561301785701],[259.97447609670758,98.612025360506323],[256.0944266036289,100.02424788346661]]},{"type":"AddCurve","points":[[253.40291298212185,101.14791870117188],[249.36564254986132,101.14791870117188],[242.63685849609374,101.14791870117188]]},{"type":"AddLine","points":[[24.741040673828138,101.14791870117188]]},{"type":"AddCurve","points":[[18.012256620060555,101.14791870117188],[13.974986187800027,101.14791870117188],[11.283472566293028,100.02424788346661]]},{"type":"AddCurve","points":[[7.4034230732143271,98.612025360506323],[4.3469590144936774,95.555561301785701],[2.9347364915333571,91.675511808707029]]},{"type":"AddCurve","points":[[1.811065673828125,88.983998187199973],[1.811065673828125,84.946727754939388],[1.811065673828125,78.217943701171862]]},{"type":"AddLine","points":[[1.811065673828125,24.077893701171888]]},{"type":"AddCurve","points":[[1.811065673828125,17.349109647404305],[1.811065673828125,13.311839215143777],[2.9347364915333571,10.620325593636778]]},{"type":"AddCurve","points":[[4.3469590144936774,6.7402761005581056],[7.4034230732143271,3.6838120418374274],[11.283472566293028,2.2715895188771356]]},{"type":"AddCurve","points":[[13.974986187800027,1.147918701171875],[18.012256620060555,1.147918701171875],[24.741040673828138,1.147918701171875]]},{"type":"CloseSubpath"},{"type":"MoveToPoint","points":[[24.741040673828138,1.147918701171875]]}],"windingRule":0,"lineJoinStyle":0,"miterLimit":10},"isBackgroundTexture":true,"textBaseline":0,"isVerticalText":false,"textureType":5},"initialState":{"affineTransform":[1,0,0,1,0,0],"masksToBounds":false,"rotation":0,"scale":1,"position":{"pointX":131.87788391113281,"pointY":50},"width":267,"sublayerTransform":[1,0,0,0,0,1,0,0,0,0,1,0,0,0,0,1],"contentsRect":{"y":0,"x":0,"width":1,"height":1},"opacity":1,"edgeAntialiasingMask":0,"height":103,"hidden":false,"anchorPoint":{"pointX":0.50070767634816826,"pointY":0.49658173496283375}},"texture":"97E30742A9BCBCDBC0FCADD2AD50853E"}]},{"animations":[],"initialState":{"affineTransform":[1,0,0,1,0,0],"masksToBounds":false,"rotation":0,"scale":1,"position":{"pointX":637.31152025949268,"pointY":336.47797112980157},"width":286.79363378070411,"sublayerTransform":[1,0,0,0,0,1,0,0,0,0,1,0,0,0,0,1],"contentsRect":{"y":0,"x":0,"width":1,"height":1},"opacity":1,"edgeAntialiasingMask":251658240,"height":27.734924713284158,"hidden":false,"anchorPoint":{"pointX":0.5,"pointY":0.5}},"layers":[{"animations":[],"layers":[],"texturedRectangle":{"singleTextureOpacity":1,"textXHeight":0,"shapePath":{"lineWidth":1,"flatness":0.59999999999999998,"lineCapStyle":0,"elements":[{"type":"MoveToPoint","points":[[4.914703369140625,15.4976806640625]]},{"type":"AddLine","points":[[267.89588403656637,15.4976806640625]]}],"windingRule":0,"lineJoinStyle":0,"miterLimit":10},"isBackgroundTexture":true,"textBaseline":0,"isVerticalText":false,"textureType":5},"initialState":{"affineTransform":[1,0,0,1,0,0],"masksToBounds":false,"rotation":0,"scale":1,"position":{"pointX":143.39682006835938,"pointY":13.887171890903005},"width":290,"sublayerTransform":[1,0,0,0,0,1,0,0,0,0,1,0,0,0,0,1],"contentsRect":{"y":0,"x":0,"width":1,"height":1},"opacity":1,"edgeAntialiasingMask":0,"height":31,"hidden":false,"anchorPoint":{"pointX":0.50107421875000002,"pointY":0.49992518271169356}},"texture":"66537F099CE1B69667BA5266798A75E3"}]},{"animations":[],"initialState":{"affineTransform":[1,0,0,1,0,0],"masksToBounds":false,"rotation":0,"scale":1,"position":{"pointX":637.31152345939336,"pointY":525.12823968448902},"width":286.79370121566171,"sublayerTransform":[1,0,0,0,0,1,0,0,0,0,1,0,0,0,0,1],"contentsRect":{"y":0,"x":0,"width":1,"height":1},"opacity":1,"edgeAntialiasingMask":251658240,"height":27.734924713284158,"hidden":false,"anchorPoint":{"pointX":0.5,"pointY":0.5}},"layers":[{"animations":[],"layers":[],"texturedRectangle":{"singleTextureOpacity":1,"textXHeight":0,"shapePath":{"lineWidth":1,"flatness":0.59999999999999998,"lineCapStyle":0,"elements":[{"type":"MoveToPoint","points":[[4.9146728515625,15.14794921875]]},{"type":"AddLine","points":[[267.89592095394585,15.14794921875]]}],"windingRule":0,"lineJoinStyle":0,"miterLimit":10},"isBackgroundTexture":true,"textBaseline":0,"isVerticalText":false,"textureType":5},"initialState":{"affineTransform":[1,0,0,1,0,0],"masksToBounds":false,"rotation":0,"scale":1,"position":{"pointX":143.3968505859375,"pointY":13.887171890903005},"width":290,"sublayerTransform":[1,0,0,0,0,1,0,0,0,0,1,0,0,0,0,1],"contentsRect":{"y":0,"x":0,"width":1,"height":1},"opacity":1,"edgeAntialiasingMask":0,"height":30,"hidden":false,"anchorPoint":{"pointX":0.50107421875000002,"pointY":0.50493164062499996}},"texture":"967736F556252E34F3CFC84CC35FD6A8"}]},{"animations":[],"initialState":{"affineTransform":[1,0,0,1,0,0],"masksToBounds":false,"rotation":0,"scale":1,"position":{"pointX":1260.299529063499,"pointY":430.85587029972345},"width":247.51629445512299,"sublayerTransform":[1,0,0,0,0,1,0,0,0,0,1,0,0,0,0,1],"contentsRect":{"y":0,"x":0,"width":1,"height":1},"opacity":1,"edgeAntialiasingMask":251658240,"height":27.734924713284158,"hidden":false,"anchorPoint":{"pointX":0.5,"pointY":0.5}},"layers":[{"animations":[],"layers":[],"texturedRectangle":{"singleTextureOpacity":1,"textXHeight":0,"shapePath":{"lineWidth":1,"flatness":0.59999999999999998,"lineCapStyle":0,"elements":[{"type":"MoveToPoint","points":[[4.5413818359375,15.875579833984375]]},{"type":"AddLine","points":[[228.24522317778201,15.875579833984375]]}],"windingRule":0,"lineJoinStyle":0,"miterLimit":10},"isBackgroundTexture":true,"textBaseline":0,"isVerticalText":false,"textureType":5},"initialState":{"affineTransform":[1,0,0,1,0,0],"masksToBounds":false,"rotation":0,"scale":1,"position":{"pointX":123.75814819335938,"pointY":13.887171890903005},"width":251,"sublayerTransform":[1,0,0,0,0,1,0,0,0,0,1,0,0,0,0,1],"contentsRect":{"y":0,"x":0,"width":1,"height":1},"opacity":1,"edgeAntialiasingMask":0,"height":31,"hidden":false,"anchorPoint":{"pointX":0.49920131485775648,"pointY":0.512115478515625}},"texture":"82C65451534D7211F5B8A1B45E723655"}]}]}}]}