{"assets":{"568373D92346C0BC525388C9F9A237E4":{"type":"texture","index":9,"assetRequest":{"type":"slide","state":"contents","slide":"none"},"url":{"native":"assets\/F3D7B227-C447-401A-AC73-FD8D6076A285.pdf"},"width":267,"height":103},"51830165FCAA3C41FC7E5C40F2F0AF86":{"type":"texture","index":4,"assetRequest":{"type":"slide","state":"contents","slide":"none"},"url":{"native":"assets\/F3D7B227-C447-401A-AC73-FD8D6076A285.pdf"},"width":267,"height":103},"7D64F29B41F5A3C3E90A3E1ABE95377F":{"type":"texture","index":0,"assetRequest":{"type":"slide","state":"contents","slide":"none"},"url":{"native":"assets\/F3D7B227-C447-401A-AC73-FD8D6076A285.pdf"},"width":1920,"height":1080},"A6A2D1009F3112D7BA9334E8601FA400":{"type":"texture","index":17,"assetRequest":{"type":"slide","state":"contents","slide":"none"},"url":{"native":"assets\/F3D7B227-C447-401A-AC73-FD8D6076A285.pdf"},"width":175,"height":31},"CBE537DA8436C625DBA1408D50DED8DD":{"type":"texture","index":3,"assetRequest":{"type":"slide","state":"contents","slide":"none"},"url":{"native":"assets\/F3D7B227-C447-401A-AC73-FD8D6076A285.pdf"},"width":145,"height":28},"5F40D2D53B71AB1D57925641DE69D74A":{"type":"texture","index":8,"assetRequest":{"type":"slide","state":"contents","slide":"none"},"url":{"native":"assets\/F3D7B227-C447-401A-AC73-FD8D6076A285.pdf"},"width":77,"height":33},"66537F099CE1B69667BA5266798A75E3":{"type":"texture","index":12,"assetRequest":{"type":"slide","state":"contents","slide":"none"},"url":{"native":"assets\/F3D7B227-C447-401A-AC73-FD8D6076A285.pdf"},"width":290,"height":31},"40725916E8F2AACB397EA63EEDDA38B8":{"type":"texture","index":6,"assetRequest":{"type":"slide","state":"contents","slide":"none"},"url":{"native":"assets\/F3D7B227-C447-401A-AC73-FD8D6076A285.pdf"},"width":368,"height":290},"87F09E08618D993E8A5FB695204920D1":{"type":"texture","index":5,"assetRequest":{"type":"slide","state":"contents","slide":"none"},"url":{"native":"assets\/F3D7B227-C447-401A-AC73-FD8D6076A285.pdf"},"width":150,"height":28},"967736F556252E34F3CFC84CC35FD6A8":{"type":"texture","index":13,"assetRequest":{"type":"slide","state":"contents","slide":"none"},"url":{"native":"assets\/F3D7B227-C447-401A-AC73-FD8D6076A285.pdf"},"width":290,"height":30},"CD957751C6D99CF79D3EC2768DDA96BF":{"type":"texture","index":7,"assetRequest":{"type":"slide","state":"contents","slide":"none"},"url":{"native":"assets\/F3D7B227-C447-401A-AC73-FD8D6076A285.pdf"},"width":267,"height":103},"BF3F0053E8839882CD9070EFC688CF3D":{"type":"texture","index":18,"assetRequest":{"type":"slide","state":"contents","slide":"none"},"url":{"native":"assets\/F3D7B227-C447-401A-AC73-FD8D6076A285.pdf"},"width":175,"height":31},"BC56899EDA91E3BFAC0544C383C98D57":{"type":"texture","index":2,"assetRequest":{"type":"slide","state":"contents","slide":"none"},"url":{"native":"assets\/F3D7B227-C447-401A-AC73-FD8D6076A285.pdf"},"width":267,"height":103},"82C65451534D7211F5B8A1B45E723655":{"type":"texture","index":14,"assetRequest":{"type":"slide","state":"contents","slide":"none"},"url":{"native":"assets\/F3D7B227-C447-401A-AC73-FD8D6076A285.pdf"},"width":251,"height":31},"6514F6C887AA2533DE50C28B84492C4C":{"type":"texture","index":11,"assetRequest":{"type":"slide","state":"contents","slide":"none"},"url":{"native":"assets\/F3D7B227-C447-401A-AC73-FD8D6076A285.pdf"},"width":266,"height":103},"B8939CBA948CACD7CDBAC6280D7BCB10":{"type":"texture","index":15,"assetRequest":{"type":"slide","state":"contents","slide":"none"},"url":{"native":"assets\/F3D7B227-C447-401A-AC73-FD8D6076A285.pdf"},"width":368,"height":289},"DEF2FBF59D2542F52B3B21C667232390":{"type":"texture","index":16,"assetRequest":{"type":"slide","state":"contents","slide":"none"},"url":{"native":"assets\/F3D7B227-C447-401A-AC73-FD8D6076A285.pdf"},"width":267,"height":103},"BED4C8AD5688679C355A9B128B619B60":{"type":"texture","index":10,"assetRequest":{"type":"slide","state":"contents","slide":"none"},"url":{"native":"assets\/F3D7B227-C447-401A-AC73-FD8D6076A285.pdf"},"width":104,"height":33},"33493E7E2A1A708C500F4D904BE84CC1":{"type":"texture","index":1,"assetRequest":{"type":"slide","state":"contents","slide":"none"},"url":{"native":"assets\/F3D7B227-C447-401A-AC73-FD8D6076A285.pdf"},"width":694,"height":80},"B1E491CE385F93C6060A3DEF4A04C037":{"type":"texture","index":19,"assetRequest":{"type":"slide","state":"contents","slide":"none"},"url":{"native":"assets\/F3D7B227-C447-401A-AC73-FD8D6076A285.pdf"},"width":251,"height":31}},"events":[{"effects":[{"beginTime":0,"baseLayer":{"animations":[],"initialState":{"affineTransform":[1,0,0,1,0,0],"masksToBounds":false,"rotation":0,"scale":1,"position":{"pointX":960,"pointY":540},"width":1920,"sublayerTransform":[1,0,0,0,0,1,0,0,0,0,1,0,0,0,0,1],"contentsRect":{"y":0,"x":0,"width":1,"height":1},"opacity":1,"edgeAntialiasingMask":251658240,"height":1080,"hidden":false,"anchorPoint":{"pointX":0.5,"pointY":0.5}},"objectID":"0","layers":[{"animations":[],"initialState":{"affineTransform":[1,0,0,1,0,0],"masksToBounds":false,"rotation":0,"scale":1,"position":{"pointX":960,"pointY":540},"width":1920,"sublayerTransform":[1,0,0,0,0,1,0,0,0,0,1,-0.00035007912466775983,0,0,0,1],"contentsRect":{"y":0,"x":0,"width":1,"height":1},"opacity":1,"edgeAntialiasingMask":251658240,"height":1080,"hidden":false,"anchorPoint":{"pointX":0.5,"pointY":0.5}},"layers":[{"animations":[{"additive":false,"timeOffset":0,"beginTime":0,"repeatCount":0,"fillMode":"both","duration":2,"autoreverses":false,"animations":[{"repeatCount":0,"removedOnCompletion":true,"from":{"scalar":0},"timingFunction":"EaseInEaseOut","additive":false,"timeOffset":0,"autoreverses":false,"property":"zPosition","fillMode":"both","duration":2,"beginTime":0,"to":{"scalar":0}}],"removedOnCompletion":false}],"initialState":{"affineTransform":[1,0,0,1,0,0],"masksToBounds":false,"rotation":0,"scale":1,"position":{"pointX":960,"pointY":540},"width":1920,"sublayerTransform":[1,0,0,0,0,1,0,0,0,0,1,0,0,0,0,1],"contentsRect":{"y":0,"x":0,"width":1,"height":1},"opacity":1,"edgeAntialiasingMask":251658240,"height":1080,"hidden":false,"anchorPoint":{"pointX":0.5,"pointY":0.5}},"layers":[{"animations":[],"layers":[],"texturedRectangle":{"isBackgroundTexture":true,"singleTextureOpacity":1,"textureType":1,"textBaseline":0,"textXHeight":0,"isVerticalText":false},"initialState":{"affineTransform":[1,0,0,1,0,0],"masksToBounds":false,"rotation":0,"scale":1,"position":{"pointX":960,"pointY":540},"width":1920,"sublayerTransform":[1,0,0,0,0,1,0,0,0,0,1,0,0,0,0,1],"contentsRect":{"y":0,"x":0,"width":1,"height":1},"opacity":1,"edgeAntialiasingMask":0,"height":1080,"hidden":false,"anchorPoint":{"pointX":0.5,"pointY":0.5}},"texture":"7D64F29B41F5A3C3E90A3E1ABE95377F"}]}]},{"animations":[{"additive":false,"timeOffset":0,"beginTime":0,"repeatCount":0,"fillMode":"both","duration":2,"autoreverses":false,"animations":[{"repeatCount":0,"removedOnCompletion":true,"from":{"scalar":0.001},"timingFunction":"EaseInEaseOut","additive":false,"timeOffset":0,"autoreverses":false,"property":"zPosition","fillMode":"both","duration":2,"beginTime":0,"to":{"scalar":0.001}}],"removedOnCompletion":false}],"initialState":{"affineTransform":[1,0,0,1,0,0],"masksToBounds":false,"rotation":0,"scale":1,"position":{"pointX":960,"pointY":141.42372894287109},"width":1730,"sublayerTransform":[1,0,0,0,0,1,0,0,0,0,1,0,0,0,0,1],"contentsRect":{"y":0,"x":0,"width":1,"height":1},"opacity":1,"edgeAntialiasingMask":251658240,"height":112.84745788574216,"hidden":false,"anchorPoint":{"pointX":0.5,"pointY":0.5}},"layers":[{"animations":[{"additive":false,"timeOffset":0,"beginTime":0,"repeatCount":0,"fillMode":"both","duration":2,"autoreverses":false,"animations":[{"repeatCount":0,"removedOnCompletion":true,"from":{"texture":"33493E7E2A1A708C500F4D904BE84CC1"},"timingFunction":"EaseInEaseOut","additive":false,"timeOffset":0,"autoreverses":false,"property":"contents","fillMode":"both","duration":2,"beginTime":0,"to":{"texture":"33493E7E2A1A708C500F4D904BE84CC1"}}],"removedOnCompletion":false}],"layers":[],"texturedRectangle":{"singleTextureOpacity":1,"textXHeight":0.54931249999999998,"textBaseline":0.77612266540527342,"isBackgroundTexture":true,"isVerticalText":false,"textColor":[0,0,0,1],"textureType":6},"initialState":{"affineTransform":[1,0,0,1,0,0],"masksToBounds":false,"rotation":0,"scale":1,"position":{"pointX":865,"pointY":56.423728942871065},"width":694,"sublayerTransform":[1,0,0,0,0,1,0,0,0,0,1,0,0,0,0,1],"contentsRect":{"y":0,"x":0,"width":1,"height":1},"opacity":1,"edgeAntialiasingMask":0,"height":80,"hidden":false,"anchorPoint":{"pointX":1.2348703170028819,"pointY":0.40529661178588866}},"texture":"33493E7E2A1A708C500F4D904BE84CC1"}]},{"animations":[{"additive":false,"timeOffset":0,"beginTime":0,"repeatCount":0,"fillMode":"both","duration":2,"autoreverses":false,"animations":[{"repeatCount":0,"removedOnCompletion":true,"from":{"scalar":0.002},"timingFunction":"EaseInEaseOut","additive":false,"timeOffset":0,"autoreverses":false,"property":"zPosition","fillMode":"both","duration":2,"beginTime":0,"to":{"scalar":0.002}}],"removedOnCompletion":false}],"initialState":{"affineTransform":[1,0,0,1,0,0],"masksToBounds":false,"rotation":0,"scale":1,"position":{"pointX":1062.2005157470703,"pointY":277.51150512695312},"width":263.75576782226562,"sublayerTransform":[1,0,0,0,0,1,0,0,0,0,1,0,0,0,0,1],"contentsRect":{"y":0,"x":0,"width":1,"height":1},"opacity":1,"edgeAntialiasingMask":251658240,"height":100,"hidden":false,"anchorPoint":{"pointX":0.5,"pointY":0.5}},"layers":[{"animations":[{"additive":false,"timeOffset":0,"beginTime":0,"repeatCount":0,"fillMode":"both","duration":2,"autoreverses":false,"animations":[{"repeatCount":0,"removedOnCompletion":true,"from":{"scalar":0},"timingFunction":"EaseInEaseOut","additive":false,"timeOffset":0,"autoreverses":false,"property":"opacity","fillMode":"both","duration":0.66659999999999997,"beginTime":1.3334000000000001,"to":{"scalar":1}},{"additive":false,"timeOffset":0,"beginTime":1.3334000000000001,"from":{"scalar":false},"repeatCount":0,"fillMode":"forwards","duration":0.66659999999999986,"autoreverses":false,"property":"hidden","to":{"scalar":false},"removedOnCompletion":true}],"removedOnCompletion":false}],"layers":[],"texturedRectangle":{"singleTextureOpacity":1,"textXHeight":0,"shapePath":{"lineWidth":1,"flatness":0.59999999999999998,"lineCapStyle":0,"elements":[{"type":"MoveToPoint","points":[[24.252606835937513,1.511505126953125]]},{"type":"AddLine","points":[[242.14842465820311,1.511505126953125]]},{"type":"AddCurve","points":[[248.87720871197075,1.511505126953125],[252.91447914423134,1.511505126953125],[255.60599276573816,2.6351759446583571]]},{"type":"AddCurve","points":[[259.48604225881695,4.0473984676186774],[262.54250631753757,7.1038625263393271],[263.95472884049786,10.983912019418028]]},{"type":"AddCurve","points":[[265.07839965820312,13.675425640925027],[265.07839965820312,17.712696073185555],[265.07839965820312,24.441480126953138]]},{"type":"AddLine","points":[[265.07839965820312,78.581530126953112]]},{"type":"AddCurve","points":[[265.07839965820312,85.310314180720695],[265.07839965820312,89.347584612981223],[263.95472884049786,92.039098234488222]]},{"type":"AddCurve","points":[[262.54250631753757,95.919147727566951],[259.48604225881695,98.975611786287573],[255.60599276573816,100.38783430924786]]},{"type":"AddCurve","points":[[252.91447914423134,101.51150512695312],[248.87720871197075,101.51150512695312],[242.14842465820311,101.51150512695312]]},{"type":"AddLine","points":[[24.252606835937513,101.51150512695312]]},{"type":"AddCurve","points":[[17.523822782169987,101.51150512695312],[13.486552349909402,101.51150512695312],[10.795038728402346,100.38783430924786]]},{"type":"AddCurve","points":[[6.9149892353236737,98.975611786287573],[3.8585251766030524,95.919147727566951],[2.4463026536427606,92.039098234488222]]},{"type":"AddCurve","points":[[1.3226318359375,89.347584612981223],[1.3226318359375,85.310314180720695],[1.3226318359375,78.581530126953112]]},{"type":"AddLine","points":[[1.3226318359375,24.441480126953138]]},{"type":"AddCurve","points":[[1.3226318359375,17.712696073185555],[1.3226318359375,13.675425640925027],[2.4463026536427606,10.983912019418028]]},{"type":"AddCurve","points":[[3.8585251766030524,7.1038625263393271],[6.9149892353236737,4.0473984676186774],[10.795038728402346,2.6351759446583571]]},{"type":"AddCurve","points":[[13.486552349909402,1.511505126953125],[17.523822782169987,1.511505126953125],[24.252606835937513,1.511505126953125]]},{"type":"CloseSubpath"},{"type":"MoveToPoint","points":[[24.252606835937513,1.511505126953125]]}],"windingRule":0,"lineJoinStyle":0,"miterLimit":10},"isBackgroundTexture":true,"textBaseline":0,"isVerticalText":false,"textureType":5},"initialState":{"affineTransform":[1,0,0,1,0,0],"masksToBounds":false,"rotation":0,"scale":1,"position":{"pointX":131.87788391113281,"pointY":50},"width":267,"sublayerTransform":[1,0,0,0,0,1,0,0,0,0,1,0,0,0,0,1],"contentsRect":{"y":0,"x":0,"width":1,"height":1},"opacity":1,"edgeAntialiasingMask":0,"height":103,"hidden":true,"anchorPoint":{"pointX":0.49887833613134946,"pointY":0.50011170026168084}},"texture":"BC56899EDA91E3BFAC0544C383C98D57"}]},{"animations":[{"additive":false,"timeOffset":0,"beginTime":0,"repeatCount":0,"fillMode":"both","duration":2,"autoreverses":false,"animations":[{"repeatCount":0,"removedOnCompletion":true,"from":{"scalar":0.0030000000000000001},"timingFunction":"EaseInEaseOut","additive":false,"timeOffset":0,"autoreverses":false,"property":"zPosition","fillMode":"both","duration":2,"beginTime":0,"to":{"scalar":0.0030000000000000001}}],"removedOnCompletion":false}],"initialState":{"affineTransform":[1,0,0,1,0,0],"masksToBounds":false,"rotation":0,"scale":1,"position":{"pointX":1062.2005157470703,"pointY":277.51150512695312},"width":263.75576782226562,"sublayerTransform":[1,0,0,0,0,1,0,0,0,0,1,0,0,0,0,1],"contentsRect":{"y":0,"x":0,"width":1,"height":1},"opacity":1,"edgeAntialiasingMask":251658240,"height":100,"hidden":false,"anchorPoint":{"pointX":0.5,"pointY":0.5}},"layers":[{"animations":[{"additive":false,"timeOffset":0,"beginTime":0,"repeatCount":0,"fillMode":"both","duration":2,"autoreverses":false,"animations":[{"repeatCount":0,"removedOnCompletion":true,"from":{"scalar":0},"timingFunction":"EaseInEaseOut","additive":false,"timeOffset":0,"autoreverses":false,"property":"opacity","fillMode":"both","duration":0.66659999999999997,"beginTime":1.3334000000000001,"to":{"scalar":1}},{"additive":false,"timeOffset":0,"beginTime":1.3334000000000001,"from":{"scalar":false},"repeatCount":0,"fillMode":"forwards","duration":0.66659999999999986,"autoreverses":false,"property":"hidden","to":{"scalar":false},"removedOnCompletion":true}],"removedOnCompletion":false}],"layers":[],"texturedRectangle":{"singleTextureOpacity":1,"textXHeight":0.59085714285714286,"textBaseline":0.89783695765904015,"isBackgroundTexture":true,"isVerticalText":false,"textColor":[0,0,0,1],"textureType":6},"initialState":{"affineTransform":[1,0,0,1,0,0],"masksToBounds":false,"rotation":0,"scale":1,"position":{"pointX":131.87788391113281,"pointY":50},"width":145,"sublayerTransform":[1,0,0,0,0,1,0,0,0,0,1,0,0,0,0,1],"contentsRect":{"y":0,"x":0,"width":1,"height":1},"opacity":1,"edgeAntialiasingMask":0,"height":28,"hidden":true,"anchorPoint":{"pointX":0.49103803963496767,"pointY":0.4825537545340402}},"texture":"CBE537DA8436C625DBA1408D50DED8DD"}]},{"animations":[{"additive":false,"timeOffset":0,"beginTime":0,"repeatCount":0,"fillMode":"both","duration":2,"autoreverses":false,"animations":[{"repeatCount":0,"removedOnCompletion":true,"from":{"scalar":0.0040000000000000001},"timingFunction":"EaseInEaseOut","additive":false,"timeOffset":0,"autoreverses":false,"property":"zPosition","fillMode":"both","duration":2,"beginTime":0,"to":{"scalar":0.0040000000000000001}}],"removedOnCompletion":false}],"initialState":{"affineTransform":[1,0,0,1,0,0],"masksToBounds":false,"rotation":0,"scale":1,"position":{"pointX":1062.2005157470703,"pointY":817.12945556640625},"width":263.75576782226562,"sublayerTransform":[1,0,0,0,0,1,0,0,0,0,1,0,0,0,0,1],"contentsRect":{"y":0,"x":0,"width":1,"height":1},"opacity":1,"edgeAntialiasingMask":251658240,"height":100,"hidden":false,"anchorPoint":{"pointX":0.5,"pointY":0.5}},"layers":[{"animations":[{"additive":false,"timeOffset":0,"beginTime":0,"repeatCount":0,"fillMode":"both","duration":2,"autoreverses":false,"animations":[{"repeatCount":0,"removedOnCompletion":true,"from":{"scalar":0},"timingFunction":"EaseInEaseOut","additive":false,"timeOffset":0,"autoreverses":false,"property":"opacity","fillMode":"both","duration":0.66659999999999997,"beginTime":1.3334000000000001,"to":{"scalar":1}},{"additive":false,"timeOffset":0,"beginTime":1.3334000000000001,"from":{"scalar":false},"repeatCount":0,"fillMode":"forwards","duration":0.66659999999999986,"autoreverses":false,"property":"hidden","to":{"scalar":false},"removedOnCompletion":true}],"removedOnCompletion":false}],"layers":[],"texturedRectangle":{"singleTextureOpacity":1,"textXHeight":0,"shapePath":{"lineWidth":1,"flatness":0.59999999999999998,"lineCapStyle":0,"elements":[{"type":"MoveToPoint","points":[[24.252606835937513,1.12945556640625]]},{"type":"AddLine","points":[[242.14842465820311,1.12945556640625]]},{"type":"AddCurve","points":[[248.87720871197075,1.12945556640625],[252.91447914423134,1.12945556640625],[255.60599276573816,2.2531263841115106]]},{"type":"AddCurve","points":[[259.48604225881695,3.6653489070718024],[262.54250631753757,6.7218129657924237],[263.95472884049786,10.601862458871096]]},{"type":"AddCurve","points":[[265.07839965820312,13.293376080378152],[265.07839965820312,17.330646512638737],[265.07839965820312,24.059430566406263]]},{"type":"AddLine","points":[[265.07839965820312,78.199480566406237]]},{"type":"AddCurve","points":[[265.07839965820312,84.928264620173763],[265.07839965820312,88.965535052434348],[263.95472884049786,91.657048673941404]]},{"type":"AddCurve","points":[[262.54250631753757,95.537098167020076],[259.48604225881695,98.593562225740698],[255.60599276573816,100.00578474870099]]},{"type":"AddCurve","points":[[252.91447914423134,101.12945556640625],[248.87720871197075,101.12945556640625],[242.14842465820311,101.12945556640625]]},{"type":"AddLine","points":[[24.252606835937513,101.12945556640625]]},{"type":"AddCurve","points":[[17.523822782169987,101.12945556640625],[13.486552349909402,101.12945556640625],[10.795038728402346,100.00578474870099]]},{"type":"AddCurve","points":[[6.9149892353236737,98.593562225740698],[3.8585251766030524,95.537098167020076],[2.4463026536427606,91.657048673941404]]},{"type":"AddCurve","points":[[1.3226318359375,88.965535052434348],[1.3226318359375,84.928264620173763],[1.3226318359375,78.199480566406237]]},{"type":"AddLine","points":[[1.3226318359375,24.059430566406263]]},{"type":"AddCurve","points":[[1.3226318359375,17.330646512638737],[1.3226318359375,13.293376080378152],[2.4463026536427606,10.601862458871096]]},{"type":"AddCurve","points":[[3.8585251766030524,6.7218129657924237],[6.9149892353236737,3.6653489070718024],[10.795038728402346,2.2531263841115106]]},{"type":"AddCurve","points":[[13.486552349909402,1.12945556640625],[17.523822782169987,1.12945556640625],[24.252606835937513,1.12945556640625]]},{"type":"CloseSubpath"},{"type":"MoveToPoint","points":[[24.252606835937513,1.12945556640625]]}],"windingRule":0,"lineJoinStyle":0,"miterLimit":10},"isBackgroundTexture":true,"textBaseline":0,"isVerticalText":false,"textureType":5},"initialState":{"affineTransform":[1,0,0,1,0,0],"masksToBounds":false,"rotation":0,"scale":1,"position":{"pointX":131.87788391113281,"pointY":50},"width":267,"sublayerTransform":[1,0,0,0,0,1,0,0,0,0,1,0,0,0,0,1],"contentsRect":{"y":0,"x":0,"width":1,"height":1},"opacity":1,"edgeAntialiasingMask":0,"height":103,"hidden":true,"anchorPoint":{"pointX":0.49887833613134946,"pointY":0.49640248122724512}},"texture":"51830165FCAA3C41FC7E5C40F2F0AF86"}]},{"animations":[{"additive":false,"timeOffset":0,"beginTime":0,"repeatCount":0,"fillMode":"both","duration":2,"autoreverses":false,"animations":[{"repeatCount":0,"removedOnCompletion":true,"from":{"scalar":0.0050000000000000001},"timingFunction":"EaseInEaseOut","additive":false,"timeOffset":0,"autoreverses":false,"property":"zPosition","fillMode":"both","duration":2,"beginTime":0,"to":{"scalar":0.0050000000000000001}}],"removedOnCompletion":false}],"initialState":{"affineTransform":[1,0,0,1,0,0],"masksToBounds":false,"rotation":0,"scale":1,"position":{"pointX":1062.2005157470703,"pointY":817.12945556640625},"width":263.75576782226562,"sublayerTransform":[1,0,0,0,0,1,0,0,0,0,1,0,0,0,0,1],"contentsRect":{"y":0,"x":0,"width":1,"height":1},"opacity":1,"edgeAntialiasingMask":251658240,"height":100,"hidden":false,"anchorPoint":{"pointX":0.5,"pointY":0.5}},"layers":[{"animations":[{"additive":false,"timeOffset":0,"beginTime":0,"repeatCount":0,"fillMode":"both","duration":2,"autoreverses":false,"animations":[{"repeatCount":0,"removedOnCompletion":true,"from":{"scalar":0},"timingFunction":"EaseInEaseOut","additive":false,"timeOffset":0,"autoreverses":false,"property":"opacity","fillMode":"both","duration":0.66659999999999997,"beginTime":1.3334000000000001,"to":{"scalar":1}},{"additive":false,"timeOffset":0,"beginTime":1.3334000000000001,"from":{"scalar":false},"repeatCount":0,"fillMode":"forwards","duration":0.66659999999999986,"autoreverses":false,"property":"hidden","to":{"scalar":false},"removedOnCompletion":true}],"removedOnCompletion":false}],"layers":[],"texturedRectangle":{"singleTextureOpacity":1,"textXHeight":0.59085714285714286,"textBaseline":0.8841923304966518,"isBackgroundTexture":true,"isVerticalText":false,"textColor":[0,0,0,1],"textureType":6},"initialState":{"affineTransform":[1,0,0,1,0,0],"masksToBounds":false,"rotation":0,"scale":1,"position":{"pointX":131.87788391113281,"pointY":50},"width":150,"sublayerTransform":[1,0,0,0,0,1,0,0,0,0,1,0,0,0,0,1],"contentsRect":{"y":0,"x":0,"width":1,"height":1},"opacity":1,"edgeAntialiasingMask":0,"height":28,"hidden":true,"anchorPoint":{"pointX":0.49467010498046876,"pointY":0.4689091273716518}},"texture":"87F09E08618D993E8A5FB695204920D1"}]},{"animations":[{"additive":false,"timeOffset":0,"beginTime":0,"repeatCount":0,"fillMode":"both","duration":2,"autoreverses":false,"animations":[{"repeatCount":0,"removedOnCompletion":true,"from":{"scalar":0.0060000000000000001},"timingFunction":"EaseInEaseOut","additive":false,"timeOffset":0,"autoreverses":false,"property":"zPosition","fillMode":"both","duration":2,"beginTime":0,"to":{"scalar":0.012}}],"removedOnCompletion":false}],"initialState":{"affineTransform":[1,0,0,1,0,0],"masksToBounds":false,"rotation":0,"scale":1,"position":{"pointX":960.00001525878906,"pointY":430.87556457519531},"width":364.60830688476562,"sublayerTransform":[1,0,0,0,0,1,0,0,0,0,1,0,0,0,0,1],"contentsRect":{"y":0,"x":0,"width":1,"height":1},"opacity":1,"edgeAntialiasingMask":251658240,"height":286.60714721679688,"hidden":false,"anchorPoint":{"pointX":0.5,"pointY":0.5}},"layers":[{"animations":[{"additive":false,"timeOffset":0,"beginTime":0,"repeatCount":0,"fillMode":"both","duration":2,"autoreverses":false,"animations":[{"repeatCount":0,"removedOnCompletion":true,"from":{"scalar":1},"timingFunction":"EaseInEaseOut","additive":false,"timeOffset":0,"autoreverses":false,"property":"transform.scale.x","fillMode":"both","duration":2,"beginTime":0,"to":{"scalar":1}},{"repeatCount":0,"removedOnCompletion":true,"from":{"scalar":1},"timingFunction":"EaseInEaseOut","additive":false,"timeOffset":0,"autoreverses":false,"property":"transform.scale.y","fillMode":"both","duration":2,"beginTime":0,"to":{"scalar":0.99655172413793103}},{"repeatCount":0,"removedOnCompletion":true,"from":{"texture":"40725916E8F2AACB397EA63EEDDA38B8"},"timingFunction":"EaseInEaseOut","additive":false,"timeOffset":0,"autoreverses":false,"property":"contents","fillMode":"both","duration":1.3333999999999999,"beginTime":0.66660000000000008,"to":{"texture":"B8939CBA948CACD7CDBAC6280D7BCB10"}},{"repeatCount":0,"removedOnCompletion":true,"from":{"pointX":0,"pointY":0},"timingFunction":"EaseInEaseOut","additive":false,"timeOffset":0,"autoreverses":false,"property":"transform.translation","fillMode":"both","duration":2,"beginTime":0,"to":{"pointX":-453,"pointY":116.50042908767171}}],"removedOnCompletion":false}],"layers":[],"texturedRectangle":{"singleTextureOpacity":1,"textXHeight":0,"shapePath":{"lineWidth":1,"flatness":0.59999999999999998,"lineCapStyle":0,"elements":[{"type":"MoveToPoint","points":[[24.625836816406263,1.571990966796875]]},{"type":"AddLine","points":[[343.37419370117186,1.571990966796875]]},{"type":"AddCurve","points":[[350.10297775493927,1.571990966796875],[354.14024818720009,1.571990966796875],[356.83176180870691,2.6956617845021356]]},{"type":"AddCurve","points":[[360.7118113017857,4.1078843074624274],[363.76827536050632,7.1643483661830487],[365.18049788346661,11.044397859261778]]},{"type":"AddCurve","points":[[366.30416870117188,13.735911480768777],[366.30416870117188,17.773181913029305],[366.30416870117188,24.501965966796888]]},{"type":"AddLine","points":[[366.30416870117188,265.24916318359374]]},{"type":"AddCurve","points":[[366.30416870117188,271.97794723736126],[366.30416870117188,276.01521766962185],[365.18049788346661,278.70673129112879]]},{"type":"AddCurve","points":[[363.76827536050632,282.58678078420758],[360.7118113017857,285.6432448429282],[356.83176180870691,287.05546736588849]]},{"type":"AddCurve","points":[[354.14024818720009,288.17913818359375],[350.10297775493927,288.17913818359375],[343.37419370117186,288.17913818359375]]},{"type":"AddLine","points":[[24.625836816406263,288.17913818359375]]},{"type":"AddCurve","points":[[17.897052762638737,288.17913818359375],[13.859782330378152,288.17913818359375],[11.168268708871096,287.05546736588849]]},{"type":"AddCurve","points":[[7.2882192157924237,285.6432448429282],[4.2317551570718024,282.58678078420758],[2.8195326341115106,278.70673129112879]]},{"type":"AddCurve","points":[[1.69586181640625,276.01521766962185],[1.69586181640625,271.97794723736126],[1.69586181640625,265.24916318359374]]},{"type":"AddLine","points":[[1.69586181640625,24.501965966796888]]},{"type":"AddCurve","points":[[1.69586181640625,17.773181913029305],[1.69586181640625,13.735911480768777],[2.8195326341115106,11.044397859261778]]},{"type":"AddCurve","points":[[4.2317551570718024,7.1643483661831056],[7.2882192157924237,4.1078843074624274],[11.168268708871096,2.6956617845021356]]},{"type":"AddCurve","points":[[13.859782330378152,1.571990966796875],[17.897052762638737,1.571990966796875],[24.625836816406263,1.571990966796875]]},{"type":"CloseSubpath"},{"type":"MoveToPoint","points":[[24.625836816406263,1.571990966796875]]}],"windingRule":0,"lineJoinStyle":0,"miterLimit":10},"isBackgroundTexture":true,"textBaseline":0,"isVerticalText":false,"textureType":5},"initialState":{"affineTransform":[1,0,0,1,0,0],"masksToBounds":false,"rotation":0,"scale":1,"position":{"pointX":182.30415344238281,"pointY":143.30357360839844},"width":368,"sublayerTransform":[1,0,0,0,0,1,0,0,0,0,1,0,0,0,0,1],"contentsRect":{"y":0,"x":0,"width":1,"height":1},"opacity":1,"edgeAntialiasingMask":0,"height":290,"hidden":false,"anchorPoint":{"pointX":0.50000004146410071,"pointY":0.49957091232825968}},"texture":"40725916E8F2AACB397EA63EEDDA38B8"}]},{"animations":[{"additive":false,"timeOffset":0,"beginTime":0,"repeatCount":0,"fillMode":"both","duration":2,"autoreverses":false,"animations":[{"repeatCount":0,"removedOnCompletion":true,"from":{"scalar":0.0070000000000000001},"timingFunction":"EaseInEaseOut","additive":false,"timeOffset":0,"autoreverses":false,"property":"zPosition","fillMode":"both","duration":2,"beginTime":0,"to":{"scalar":0.0060000000000000001}}],"removedOnCompletion":false}],"initialState":{"affineTransform":[1,0,0,1,0,0],"masksToBounds":false,"rotation":0,"scale":1,"position":{"pointX":364.68894958496094,"pointY":336.4976806640625},"width":263.75576782226562,"sublayerTransform":[1,0,0,0,0,1,0,0,0,0,1,0,0,0,0,1],"contentsRect":{"y":0,"x":0,"width":1,"height":1},"opacity":1,"edgeAntialiasingMask":251658240,"height":100,"hidden":false,"anchorPoint":{"pointX":0.5,"pointY":0.5}},"layers":[{"animations":[{"additive":false,"timeOffset":0,"beginTime":0,"repeatCount":0,"fillMode":"both","duration":2,"autoreverses":false,"animations":[{"repeatCount":0,"removedOnCompletion":true,"from":{"scalar":1},"timingFunction":"EaseInEaseOut","additive":false,"timeOffset":0,"autoreverses":false,"property":"opacity","fillMode":"forwards","duration":0.66659999999999997,"beginTime":0,"to":{"scalar":0}},{"additive":false,"timeOffset":0,"beginTime":0.66659999999999997,"from":{"scalar":true},"repeatCount":0,"fillMode":"forwards","duration":1.3334000000000001,"autoreverses":false,"property":"hidden","to":{"scalar":true},"removedOnCompletion":true}],"removedOnCompletion":false}],"layers":[],"texturedRectangle":{"singleTextureOpacity":1,"textXHeight":0,"shapePath":{"lineWidth":1,"flatness":0.59999999999999998,"lineCapStyle":0,"elements":[{"type":"MoveToPoint","points":[[24.741040673828138,1.4976806640625]]},{"type":"AddLine","points":[[242.63685849609374,1.4976806640625]]},{"type":"AddCurve","points":[[249.36564254986132,1.4976806640625],[253.40291298212185,1.4976806640625],[256.0944266036289,2.6213514817677606]]},{"type":"AddCurve","points":[[259.97447609670758,4.0335740047280524],[263.0309401554282,7.0900380634486737],[264.44316267838849,10.970087556527403]]},{"type":"AddCurve","points":[[265.56683349609375,13.661601178034402],[265.56683349609375,17.69887161029493],[265.56683349609375,24.427655664062513]]},{"type":"AddLine","points":[[265.56683349609375,78.567705664062487]]},{"type":"AddCurve","points":[[265.56683349609375,85.29648971783007],[265.56683349609375,89.333760150090598],[264.44316267838849,92.025273771597597]]},{"type":"AddCurve","points":[[263.0309401554282,95.905323264676326],[259.97447609670758,98.961787323396948],[256.0944266036289,100.37400984635724]]},{"type":"AddCurve","points":[[253.40291298212185,101.4976806640625],[249.36564254986132,101.4976806640625],[242.63685849609374,101.4976806640625]]},{"type":"AddLine","points":[[24.741040673828138,101.4976806640625]]},{"type":"AddCurve","points":[[18.012256620060555,101.4976806640625],[13.974986187800027,101.4976806640625],[11.283472566293028,100.37400984635724]]},{"type":"AddCurve","points":[[7.4034230732143271,98.961787323396948],[4.3469590144936774,95.905323264676326],[2.9347364915333571,92.025273771597597]]},{"type":"AddCurve","points":[[1.811065673828125,89.333760150090598],[1.811065673828125,85.29648971783007],[1.811065673828125,78.567705664062487]]},{"type":"AddLine","points":[[1.811065673828125,24.427655664062513]]},{"type":"AddCurve","points":[[1.811065673828125,17.69887161029493],[1.811065673828125,13.661601178034402],[2.9347364915333571,10.970087556527403]]},{"type":"AddCurve","points":[[4.3469590144936774,7.0900380634487306],[7.4034230732143271,4.0335740047280524],[11.283472566293028,2.6213514817677606]]},{"type":"AddCurve","points":[[13.974986187800027,1.4976806640625],[18.012256620060555,1.4976806640625],[24.741040673828138,1.4976806640625]]},{"type":"CloseSubpath"},{"type":"MoveToPoint","points":[[24.741040673828138,1.4976806640625]]}],"windingRule":0,"lineJoinStyle":0,"miterLimit":10},"isBackgroundTexture":true,"textBaseline":0,"isVerticalText":false,"textureType":5},"initialState":{"affineTransform":[1,0,0,1,0,0],"masksToBounds":false,"rotation":0,"scale":1,"position":{"pointX":131.87788391113281,"pointY":50},"width":267,"sublayerTransform":[1,0,0,0,0,1,0,0,0,0,1,0,0,0,0,1],"contentsRect":{"y":0,"x":0,"width":1,"height":1},"opacity":1,"edgeAntialiasingMask":0,"height":103,"hidden":false,"anchorPoint":{"pointX":0.50070767634816826,"pointY":0.49997748217536409}},"texture":"CD957751C6D99CF79D3EC2768DDA96BF"}]},{"animations":[{"additive":false,"timeOffset":0,"beginTime":0,"repeatCount":0,"fillMode":"both","duration":2,"autoreverses":false,"animations":[{"repeatCount":0,"removedOnCompletion":true,"from":{"scalar":0.0080000000000000002},"timingFunction":"EaseInEaseOut","additive":false,"timeOffset":0,"autoreverses":false,"property":"zPosition","fillMode":"both","duration":2,"beginTime":0,"to":{"scalar":0.0070000000000000001}}],"removedOnCompletion":false}],"initialState":{"affineTransform":[1,0,0,1,0,0],"masksToBounds":false,"rotation":0,"scale":1,"position":{"pointX":364.68894958496094,"pointY":336.4976806640625},"width":263.75576782226562,"sublayerTransform":[1,0,0,0,0,1,0,0,0,0,1,0,0,0,0,1],"contentsRect":{"y":0,"x":0,"width":1,"height":1},"opacity":1,"edgeAntialiasingMask":251658240,"height":100,"hidden":false,"anchorPoint":{"pointX":0.5,"pointY":0.5}},"layers":[{"animations":[{"additive":false,"timeOffset":0,"beginTime":0,"repeatCount":0,"fillMode":"both","duration":2,"autoreverses":false,"animations":[{"repeatCount":0,"removedOnCompletion":true,"from":{"scalar":1},"timingFunction":"EaseInEaseOut","additive":false,"timeOffset":0,"autoreverses":false,"property":"opacity","fillMode":"forwards","duration":0.66659999999999997,"beginTime":0,"to":{"scalar":0}},{"additive":false,"timeOffset":0,"beginTime":0.66659999999999997,"from":{"scalar":true},"repeatCount":0,"fillMode":"forwards","duration":1.3334000000000001,"autoreverses":false,"property":"hidden","to":{"scalar":true},"removedOnCompletion":true}],"removedOnCompletion":false}],"layers":[],"texturedRectangle":{"singleTextureOpacity":1,"textXHeight":0.5013333333333333,"textBaseline":0.76138213186553028,"isBackgroundTexture":true,"isVerticalText":false,"textColor":[0,0,0,1],"textureType":6},"initialState":{"affineTransform":[1,0,0,1,0,0],"masksToBounds":false,"rotation":0,"scale":1,"position":{"pointX":131.87788391113281,"pointY":50},"width":77,"sublayerTransform":[1,0,0,0,0,1,0,0,0,0,1,0,0,0,0,1],"contentsRect":{"y":0,"x":0,"width":1,"height":1},"opacity":1,"edgeAntialiasingMask":0,"height":33,"hidden":false,"anchorPoint":{"pointX":0.48946687772676545,"pointY":0.4090206261837121}},"texture":"5F40D2D53B71AB1D57925641DE69D74A"}]},{"animations":[{"additive":false,"timeOffset":0,"beginTime":0,"repeatCount":0,"fillMode":"both","duration":2,"autoreverses":false,"animations":[{"repeatCount":0,"removedOnCompletion":true,"from":{"scalar":0.0090000000000000011},"timingFunction":"EaseInEaseOut","additive":false,"timeOffset":0,"autoreverses":false,"property":"zPosition","fillMode":"both","duration":2,"beginTime":0,"to":{"scalar":0.0080000000000000002}}],"removedOnCompletion":false}],"initialState":{"affineTransform":[1,0,0,1,0,0],"masksToBounds":false,"rotation":0,"scale":1,"position":{"pointX":364.68894958496094,"pointY":525.12823486328125},"width":263.75576782226562,"sublayerTransform":[1,0,0,0,0,1,0,0,0,0,1,0,0,0,0,1],"contentsRect":{"y":0,"x":0,"width":1,"height":1},"opacity":1,"edgeAntialiasingMask":251658240,"height":100,"hidden":false,"anchorPoint":{"pointX":0.5,"pointY":0.5}},"layers":[{"animations":[{"additive":false,"timeOffset":0,"beginTime":0,"repeatCount":0,"fillMode":"both","duration":2,"autoreverses":false,"animations":[{"repeatCount":0,"removedOnCompletion":true,"from":{"scalar":1},"timingFunction":"EaseInEaseOut","additive":false,"timeOffset":0,"autoreverses":false,"property":"opacity","fillMode":"forwards","duration":0.66659999999999997,"beginTime":0,"to":{"scalar":0}},{"additive":false,"timeOffset":0,"beginTime":0.66659999999999997,"from":{"scalar":true},"repeatCount":0,"fillMode":"forwards","duration":1.3334000000000001,"autoreverses":false,"property":"hidden","to":{"scalar":true},"removedOnCompletion":true}],"removedOnCompletion":false}],"layers":[],"texturedRectangle":{"singleTextureOpacity":1,"textXHeight":0,"shapePath":{"lineWidth":1,"flatness":0.59999999999999998,"lineCapStyle":0,"elements":[{"type":"MoveToPoint","points":[[24.741040673828138,1.12823486328125]]},{"type":"AddLine","points":[[242.63685849609374,1.12823486328125]]},{"type":"AddCurve","points":[[249.36564254986132,1.12823486328125],[253.40291298212185,1.12823486328125],[256.0944266036289,2.2519056809865106]]},{"type":"AddCurve","points":[[259.97447609670758,3.6641282039468024],[263.0309401554282,6.7205922626674237],[264.44316267838849,10.600641755746153]]},{"type":"AddCurve","points":[[265.56683349609375,13.292155377253152],[265.56683349609375,17.32942580951368],[265.56683349609375,24.058209863281263]]},{"type":"AddLine","points":[[265.56683349609375,78.198259863281237]]},{"type":"AddCurve","points":[[265.56683349609375,84.927043917048763],[265.56683349609375,88.964314349309348],[264.44316267838849,91.655827970816404]]},{"type":"AddCurve","points":[[263.0309401554282,95.535877463895076],[259.97447609670758,98.592341522615698],[256.0944266036289,100.00456404557599]]},{"type":"AddCurve","points":[[253.40291298212185,101.12823486328125],[249.36564254986132,101.12823486328125],[242.63685849609374,101.12823486328125]]},{"type":"AddLine","points":[[24.741040673828138,101.12823486328125]]},{"type":"AddCurve","points":[[18.012256620060555,101.12823486328125],[13.974986187800027,101.12823486328125],[11.283472566293028,100.00456404557599]]},{"type":"AddCurve","points":[[7.4034230732143271,98.592341522615698],[4.3469590144936774,95.535877463895076],[2.9347364915333571,91.655827970816404]]},{"type":"AddCurve","points":[[1.811065673828125,88.964314349309348],[1.811065673828125,84.927043917048763],[1.811065673828125,78.198259863281237]]},{"type":"AddLine","points":[[1.811065673828125,24.058209863281263]]},{"type":"AddCurve","points":[[1.811065673828125,17.32942580951368],[1.811065673828125,13.292155377253152],[2.9347364915333571,10.600641755746153]]},{"type":"AddCurve","points":[[4.3469590144936774,6.7205922626674806],[7.4034230732143271,3.6641282039468024],[11.283472566293028,2.2519056809865106]]},{"type":"AddCurve","points":[[13.974986187800027,1.12823486328125],[18.012256620060555,1.12823486328125],[24.741040673828138,1.12823486328125]]},{"type":"CloseSubpath"},{"type":"MoveToPoint","points":[[24.741040673828138,1.12823486328125]]}],"windingRule":0,"lineJoinStyle":0,"miterLimit":10},"isBackgroundTexture":true,"textBaseline":0,"isVerticalText":false,"textureType":5},"initialState":{"affineTransform":[1,0,0,1,0,0],"masksToBounds":false,"rotation":0,"scale":1,"position":{"pointX":131.87788391113281,"pointY":50},"width":267,"sublayerTransform":[1,0,0,0,0,1,0,0,0,0,1,0,0,0,0,1],"contentsRect":{"y":0,"x":0,"width":1,"height":1},"opacity":1,"edgeAntialiasingMask":0,"height":103,"hidden":false,"anchorPoint":{"pointX":0.50070767634816826,"pointY":0.49639062974059467}},"texture":"568373D92346C0BC525388C9F9A237E4"}]},{"animations":[{"additive":false,"timeOffset":0,"beginTime":0,"repeatCount":0,"fillMode":"both","duration":2,"autoreverses":false,"animations":[{"repeatCount":0,"removedOnCompletion":true,"from":{"scalar":0.01},"timingFunction":"EaseInEaseOut","additive":false,"timeOffset":0,"autoreverses":false,"property":"zPosition","fillMode":"both","duration":2,"beginTime":0,"to":{"scalar":0.0090000000000000011}}],"removedOnCompletion":false}],"initialState":{"affineTransform":[1,0,0,1,0,0],"masksToBounds":false,"rotation":0,"scale":1,"position":{"pointX":364.68894958496094,"pointY":525.12823486328125},"width":263.75576782226562,"sublayerTransform":[1,0,0,0,0,1,0,0,0,0,1,0,0,0,0,1],"contentsRect":{"y":0,"x":0,"width":1,"height":1},"opacity":1,"edgeAntialiasingMask":251658240,"height":100,"hidden":false,"anchorPoint":{"pointX":0.5,"pointY":0.5}},"layers":[{"animations":[{"additive":false,"timeOffset":0,"beginTime":0,"repeatCount":0,"fillMode":"both","duration":2,"autoreverses":false,"animations":[{"repeatCount":0,"removedOnCompletion":true,"from":{"scalar":1},"timingFunction":"EaseInEaseOut","additive":false,"timeOffset":0,"autoreverses":false,"property":"opacity","fillMode":"forwards","duration":0.66659999999999997,"beginTime":0,"to":{"scalar":0}},{"additive":false,"timeOffset":0,"beginTime":0.66659999999999997,"from":{"scalar":true},"repeatCount":0,"fillMode":"forwards","duration":1.3334000000000001,"autoreverses":false,"property":"hidden","to":{"scalar":true},"removedOnCompletion":true}],"removedOnCompletion":false}],"layers":[],"texturedRectangle":{"singleTextureOpacity":1,"textXHeight":0.5013333333333333,"textBaseline":0.75018680456912878,"isBackgroundTexture":true,"isVerticalText":false,"textColor":[0,0,0,1],"textureType":6},"initialState":{"affineTransform":[1,0,0,1,0,0],"masksToBounds":false,"rotation":0,"scale":1,"position":{"pointX":131.87788391113281,"pointY":50},"width":104,"sublayerTransform":[1,0,0,0,0,1,0,0,0,0,1,0,0,0,0,1],"contentsRect":{"y":0,"x":0,"width":1,"height":1},"opacity":1,"edgeAntialiasingMask":0,"height":33,"hidden":false,"anchorPoint":{"pointX":0.49700913062462437,"pointY":0.39782529888731061}},"texture":"BED4C8AD5688679C355A9B128B619B60"}]},{"animations":[{"additive":false,"timeOffset":0,"beginTime":0,"repeatCount":0,"fillMode":"both","duration":2,"autoreverses":false,"animations":[{"repeatCount":0,"removedOnCompletion":true,"from":{"scalar":0.010999999999999999},"timingFunction":"EaseInEaseOut","additive":false,"timeOffset":0,"autoreverses":false,"property":"zPosition","fillMode":"both","duration":2,"beginTime":0,"to":{"scalar":0.013000000000000001}}],"removedOnCompletion":false}],"initialState":{"affineTransform":[1,0,0,1,0,0],"masksToBounds":false,"rotation":0,"scale":1,"position":{"pointX":1514.9193878173828,"pointY":430.87557983398438},"width":263.75576782226562,"sublayerTransform":[1,0,0,0,0,1,0,0,0,0,1,0,0,0,0,1],"contentsRect":{"y":0,"x":0,"width":1,"height":1},"opacity":1,"edgeAntialiasingMask":251658240,"height":100,"hidden":false,"anchorPoint":{"pointX":0.5,"pointY":0.5}},"layers":[{"animations":[{"additive":false,"timeOffset":0,"beginTime":0,"repeatCount":0,"fillMode":"both","duration":2,"autoreverses":false,"animations":[{"repeatCount":0,"removedOnCompletion":true,"from":{"scalar":1},"timingFunction":"EaseInEaseOut","additive":false,"timeOffset":0,"autoreverses":false,"property":"transform.scale.x","fillMode":"both","duration":2,"beginTime":0,"to":{"scalar":1.0037593984962405}},{"repeatCount":0,"removedOnCompletion":true,"from":{"scalar":1},"timingFunction":"EaseInEaseOut","additive":false,"timeOffset":0,"autoreverses":false,"property":"transform.scale.y","fillMode":"both","duration":2,"beginTime":0,"to":{"scalar":1}},{"repeatCount":0,"removedOnCompletion":true,"from":{"texture":"6514F6C887AA2533DE50C28B84492C4C"},"timingFunction":"EaseInEaseOut","additive":false,"timeOffset":0,"autoreverses":false,"property":"contents","fillMode":"both","duration":1.3333999999999999,"beginTime":0,"to":{"texture":"DEF2FBF59D2542F52B3B21C667232390"}},{"repeatCount":0,"removedOnCompletion":true,"from":{"pointX":0,"pointY":0},"timingFunction":"EaseInEaseOut","additive":false,"timeOffset":0,"autoreverses":false,"property":"transform.translation","fillMode":"both","duration":2,"beginTime":0,"to":{"pointX":-452.50030305331802,"pointY":117}}],"removedOnCompletion":false}],"layers":[],"texturedRectangle":{"singleTextureOpacity":1,"textXHeight":0,"shapePath":{"lineWidth":1,"flatness":0.59999999999999998,"lineCapStyle":0,"elements":[{"type":"MoveToPoint","points":[[23.971478906250013,1.875579833984375]]},{"type":"AddLine","points":[[241.86729672851561,1.875579833984375]]},{"type":"AddCurve","points":[[248.59608078228325,1.875579833984375],[252.63335121454384,1.875579833984375],[255.32486483605066,2.9992506516896356]]},{"type":"AddCurve","points":[[259.20491432912945,4.4114731746499274],[262.26137838785007,7.4679372333705487],[263.67360091081036,11.347986726449278]]},{"type":"AddCurve","points":[[264.79727172851562,14.039500347956277],[264.79727172851562,18.076770780216805],[264.79727172851562,24.805554833984388]]},{"type":"AddLine","points":[[264.79727172851562,78.945604833984362]]},{"type":"AddCurve","points":[[264.79727172851562,85.674388887751945],[264.79727172851562,89.711659320012473],[263.67360091081036,92.403172941519472]]},{"type":"AddCurve","points":[[262.26137838785007,96.283222434598201],[259.20491432912945,99.339686493318823],[255.32486483605066,100.75190901627911]]},{"type":"AddCurve","points":[[252.63335121454384,101.87557983398438],[248.59608078228325,101.87557983398438],[241.86729672851561,101.87557983398438]]},{"type":"AddLine","points":[[23.971478906250013,101.87557983398438]]},{"type":"AddCurve","points":[[17.242694852482373,101.87557983398438],[13.205424420222016,101.87557983398438],[10.51391079871496,100.75190901627911]]},{"type":"AddCurve","points":[[6.6338613056361737,99.339686493318823],[3.5773972469155524,96.283222434598201],[2.1651747239552606,92.403172941519472]]},{"type":"AddCurve","points":[[1.04150390625,89.711659320012473],[1.04150390625,85.674388887751945],[1.04150390625,78.945604833984362]]},{"type":"AddLine","points":[[1.04150390625,24.805554833984388]]},{"type":"AddCurve","points":[[1.04150390625,18.076770780216805],[1.04150390625,14.039500347956277],[2.1651747239552606,11.347986726449278]]},{"type":"AddCurve","points":[[3.5773972469155524,7.4679372333706056],[6.6338613056361737,4.4114731746499274],[10.51391079871496,2.9992506516896356]]},{"type":"AddCurve","points":[[13.205424420222016,1.875579833984375],[17.242694852482373,1.875579833984375],[23.971478906250013,1.875579833984375]]},{"type":"CloseSubpath"},{"type":"MoveToPoint","points":[[23.971478906250013,1.875579833984375]]}],"windingRule":0,"lineJoinStyle":0,"miterLimit":10},"isBackgroundTexture":true,"textBaseline":0,"isVerticalText":false,"textureType":5},"initialState":{"affineTransform":[1,0,0,1,0,0],"masksToBounds":false,"rotation":0,"scale":1,"position":{"pointX":131.87788391113281,"pointY":50},"width":266,"sublayerTransform":[1,0,0,0,0,1,0,0,0,0,1,0,0,0,0,1],"contentsRect":{"y":0,"x":0,"width":1,"height":1},"opacity":1,"edgeAntialiasingMask":0,"height":103,"hidden":false,"anchorPoint":{"pointX":0.4996969466818903,"pointY":0.50364640615518808}},"texture":"6514F6C887AA2533DE50C28B84492C4C"}]},{"animations":[{"additive":false,"timeOffset":0,"beginTime":0,"repeatCount":0,"fillMode":"both","duration":2,"autoreverses":false,"animations":[{"repeatCount":0,"removedOnCompletion":true,"from":{"scalar":0.012},"timingFunction":"EaseInEaseOut","additive":false,"timeOffset":0,"autoreverses":false,"property":"zPosition","fillMode":"both","duration":2,"beginTime":0,"to":{"scalar":0.01}}],"removedOnCompletion":false}],"initialState":{"affineTransform":[1,0,0,1,0,0],"masksToBounds":false,"rotation":0,"scale":1,"position":{"pointX":637.31152025949268,"pointY":336.47797112980157},"width":286.79363378070411,"sublayerTransform":[1,0,0,0,0,1,0,0,0,0,1,0,0,0,0,1],"contentsRect":{"y":0,"x":0,"width":1,"height":1},"opacity":1,"edgeAntialiasingMask":251658240,"height":27.734924713284158,"hidden":false,"anchorPoint":{"pointX":0.5,"pointY":0.5}},"layers":[{"animations":[{"additive":false,"timeOffset":0,"beginTime":0,"repeatCount":0,"fillMode":"both","duration":2,"autoreverses":false,"animations":[{"repeatCount":0,"removedOnCompletion":true,"from":{"scalar":1},"timingFunction":"EaseInEaseOut","additive":false,"timeOffset":0,"autoreverses":false,"property":"transform.scale.x","fillMode":"both","duration":2,"beginTime":0,"to":{"scalar":0.60344827586206895}},{"repeatCount":0,"removedOnCompletion":true,"from":{"scalar":1},"timingFunction":"EaseInEaseOut","additive":false,"timeOffset":0,"autoreverses":false,"property":"transform.scale.y","fillMode":"both","duration":2,"beginTime":0,"to":{"scalar":1}},{"repeatCount":0,"removedOnCompletion":true,"from":{"texture":"66537F099CE1B69667BA5266798A75E3"},"timingFunction":"EaseInEaseOut","additive":false,"timeOffset":0,"autoreverses":false,"property":"contents","fillMode":"both","duration":2,"beginTime":0,"to":{"texture":"A6A2D1009F3112D7BA9334E8601FA400"}},{"repeatCount":0,"removedOnCompletion":true,"from":{"scalar":0},"timingFunction":"EaseInEaseOut","additive":false,"timeOffset":0,"autoreverses":false,"property":"transform.rotation.z","fillMode":"both","duration":2,"beginTime":0,"to":{"scalar":1.5707963267948966}},{"repeatCount":0,"removedOnCompletion":true,"from":{"pointX":0,"pointY":0},"timingFunction":"EaseInEaseOut","additive":false,"timeOffset":0,"autoreverses":false,"property":"transform.translation","fillMode":"both","duration":2,"beginTime":0,"to":{"pointX":425.14708709716797,"pointY":72.745552062988224}}],"removedOnCompletion":false}],"layers":[],"texturedRectangle":{"singleTextureOpacity":1,"textXHeight":0,"shapePath":{"lineWidth":1,"flatness":0.59999999999999998,"lineCapStyle":0,"elements":[{"type":"MoveToPoint","points":[[4.914703369140625,15.4976806640625]]},{"type":"AddLine","points":[[267.89588403656637,15.4976806640625]]}],"windingRule":0,"lineJoinStyle":0,"miterLimit":10},"isBackgroundTexture":true,"textBaseline":0,"isVerticalText":false,"textureType":5},"initialState":{"affineTransform":[1,0,0,1,0,0],"masksToBounds":false,"rotation":0,"scale":1,"position":{"pointX":143.39682006835938,"pointY":13.887171890903005},"width":290,"sublayerTransform":[1,0,0,0,0,1,0,0,0,0,1,0,0,0,0,1],"contentsRect":{"y":0,"x":0,"width":1,"height":1},"opacity":1,"edgeAntialiasingMask":0,"height":31,"hidden":false,"anchorPoint":{"pointX":0.50107421875000002,"pointY":0.49992518271169356}},"texture":"66537F099CE1B69667BA5266798A75E3"}]},{"animations":[{"additive":false,"timeOffset":0,"beginTime":0,"repeatCount":0,"fillMode":"both","duration":2,"autoreverses":false,"animations":[{"repeatCount":0,"removedOnCompletion":true,"from":{"scalar":0.013000000000000001},"timingFunction":"EaseInEaseOut","additive":false,"timeOffset":0,"autoreverses":false,"property":"zPosition","fillMode":"both","duration":2,"beginTime":0,"to":{"scalar":0.010999999999999999}}],"removedOnCompletion":false}],"initialState":{"affineTransform":[1,0,0,1,0,0],"masksToBounds":false,"rotation":0,"scale":1,"position":{"pointX":637.31152345939336,"pointY":525.12823968448902},"width":286.79370121566171,"sublayerTransform":[1,0,0,0,0,1,0,0,0,0,1,0,0,0,0,1],"contentsRect":{"y":0,"x":0,"width":1,"height":1},"opacity":1,"edgeAntialiasingMask":251658240,"height":27.734924713284158,"hidden":false,"anchorPoint":{"pointX":0.5,"pointY":0.5}},"layers":[{"animations":[{"additive":false,"timeOffset":0,"beginTime":0,"repeatCount":0,"fillMode":"both","duration":2,"autoreverses":false,"animations":[{"repeatCount":0,"removedOnCompletion":true,"from":{"scalar":1},"timingFunction":"EaseInEaseOut","additive":false,"timeOffset":0,"autoreverses":false,"property":"transform.scale.x","fillMode":"both","duration":2,"beginTime":0,"to":{"scalar":0.60344827586206895}},{"repeatCount":0,"removedOnCompletion":true,"from":{"scalar":1},"timingFunction":"EaseInEaseOut","additive":false,"timeOffset":0,"autoreverses":false,"property":"transform.scale.y","fillMode":"both","duration":2,"beginTime":0,"to":{"scalar":1.0333333333333334}},{"repeatCount":0,"removedOnCompletion":true,"from":{"texture":"967736F556252E34F3CFC84CC35FD6A8"},"timingFunction":"EaseInEaseOut","additive":false,"timeOffset":0,"autoreverses":false,"property":"contents","fillMode":"both","duration":2,"beginTime":0,"to":{"texture":"BF3F0053E8839882CD9070EFC688CF3D"}},{"repeatCount":0,"removedOnCompletion":true,"from":{"scalar":0},"timingFunction":"EaseInEaseOut","additive":false,"timeOffset":0,"autoreverses":false,"property":"transform.rotation.z","fillMode":"both","duration":2,"beginTime":0,"to":{"scalar":1.5707963267948966}},{"repeatCount":0,"removedOnCompletion":true,"from":{"pointX":0,"pointY":0},"timingFunction":"EaseInEaseOut","additive":false,"timeOffset":0,"autoreverses":false,"property":"transform.translation","fillMode":"both","duration":2,"beginTime":0,"to":{"pointX":424.80083270929862,"pointY":153.90428795572763}}],"removedOnCompletion":false}],"layers":[],"texturedRectangle":{"singleTextureOpacity":1,"textXHeight":0,"shapePath":{"lineWidth":1,"flatness":0.59999999999999998,"lineCapStyle":0,"elements":[{"type":"MoveToPoint","points":[[4.9146728515625,15.14794921875]]},{"type":"AddLine","points":[[267.89592095394585,15.14794921875]]}],"windingRule":0,"lineJoinStyle":0,"miterLimit":10},"isBackgroundTexture":true,"textBaseline":0,"isVerticalText":false,"textureType":5},"initialState":{"affineTransform":[1,0,0,1,0,0],"masksToBounds":false,"rotation":0,"scale":1,"position":{"pointX":143.3968505859375,"pointY":13.887171890903005},"width":290,"sublayerTransform":[1,0,0,0,0,1,0,0,0,0,1,0,0,0,0,1],"contentsRect":{"y":0,"x":0,"width":1,"height":1},"opacity":1,"edgeAntialiasingMask":0,"height":30,"hidden":false,"anchorPoint":{"pointX":0.50107421875000002,"pointY":0.50493164062499996}},"texture":"967736F556252E34F3CFC84CC35FD6A8"}]},{"animations":[{"additive":false,"timeOffset":0,"beginTime":0,"repeatCount":0,"fillMode":"both","duration":2,"autoreverses":false,"animations":[{"repeatCount":0,"removedOnCompletion":true,"from":{"scalar":0.014},"timingFunction":"EaseInEaseOut","additive":false,"timeOffset":0,"autoreverses":false,"property":"zPosition","fillMode":"both","duration":2,"beginTime":0,"to":{"scalar":0.014}}],"removedOnCompletion":false}],"initialState":{"affineTransform":[1,0,0,1,0,0],"masksToBounds":false,"rotation":0,"scale":1,"position":{"pointX":1260.299529063499,"pointY":430.85587029972345},"width":247.51629445512299,"sublayerTransform":[1,0,0,0,0,1,0,0,0,0,1,0,0,0,0,1],"contentsRect":{"y":0,"x":0,"width":1,"height":1},"opacity":1,"edgeAntialiasingMask":251658240,"height":27.734924713284158,"hidden":false,"anchorPoint":{"pointX":0.5,"pointY":0.5}},"layers":[{"animations":[{"additive":false,"timeOffset":0,"beginTime":0,"repeatCount":0,"fillMode":"both","duration":2,"autoreverses":false,"animations":[{"repeatCount":0,"removedOnCompletion":true,"from":{"texture":"82C65451534D7211F5B8A1B45E723655"},"timingFunction":"EaseInEaseOut","additive":false,"timeOffset":0,"autoreverses":false,"property":"contents","fillMode":"both","duration":2,"beginTime":0,"to":{"texture":"B1E491CE385F93C6060A3DEF4A04C037"}},{"repeatCount":0,"removedOnCompletion":true,"from":{"pointX":0,"pointY":0},"timingFunction":"EaseInEaseOut","additive":false,"timeOffset":0,"autoreverses":false,"property":"transform.translation","fillMode":"both","duration":2,"beginTime":0,"to":{"pointX":-453,"pointY":116.99999999999989}}],"removedOnCompletion":false}],"layers":[],"texturedRectangle":{"singleTextureOpacity":1,"textXHeight":0,"shapePath":{"lineWidth":1,"flatness":0.59999999999999998,"lineCapStyle":0,"elements":[{"type":"MoveToPoint","points":[[4.5413818359375,15.875579833984375]]},{"type":"AddLine","points":[[228.24522317778201,15.875579833984375]]}],"windingRule":0,"lineJoinStyle":0,"miterLimit":10},"isBackgroundTexture":true,"textBaseline":0,"isVerticalText":false,"textureType":5},"initialState":{"affineTransform":[1,0,0,1,0,0],"masksToBounds":false,"rotation":0,"scale":1,"position":{"pointX":123.75814819335938,"pointY":13.887171890903005},"width":251,"sublayerTransform":[1,0,0,0,0,1,0,0,0,0,1,0,0,0,0,1],"contentsRect":{"y":0,"x":0,"width":1,"height":1},"opacity":1,"edgeAntialiasingMask":0,"height":31,"hidden":false,"anchorPoint":{"pointX":0.49920131485775648,"pointY":0.512115478515625}},"texture":"82C65451534D7211F5B8A1B45E723655"}]}]},"effects":[],"duration":2,"type":"transition","attributes":{"direction":0},"name":"apple:magic-move-implied-motion-path","objectID":"0"}],"automaticPlay":false,"hyperlinks":[],"accessibility":[{"text":"Input","targetRectangle":{"y":316.9976806640625,"x":326.76679353594778,"width":75.840000000000032,"height":38.07177734375}},{"text":"Output","targetRectangle":{"y":505.62823486328125,"x":313.72679353594776,"width":101.92000000000007,"height":38.07177734375}},{"text":"Program","targetRectangle":{"y":411.37557983398438,"x":1451.4772317683696,"width":126.88000000000011,"height":38.07177734375}},{"text":"Machine Learning","targetRectangle":{"y":411.57199096679688,"x":827.80073681640624,"width":264.38400000000001,"height":38.07177734375}},{"text":"Machine Learning","targetRectangle":{"y":89,"x":99,"width":699.89000060796729,"height":100.53440856933594}}],"baseLayer":{"animations":[],"initialState":{"affineTransform":[1,0,0,1,0,0],"masksToBounds":false,"rotation":0,"scale":1,"position":{"pointX":960,"pointY":540},"width":1920,"sublayerTransform":[1,0,0,0,0,1,0,0,0,0,1,0,0,0,0,1],"contentsRect":{"y":0,"x":0,"width":1,"height":1},"opacity":1,"edgeAntialiasingMask":251658240,"height":1080,"hidden":false,"anchorPoint":{"pointX":0.5,"pointY":0.5}},"objectID":"0","layers":[{"animations":[],"initialState":{"affineTransform":[1,0,0,1,0,0],"masksToBounds":false,"rotation":0,"scale":1,"position":{"pointX":960,"pointY":540},"width":1920,"sublayerTransform":[1,0,0,0,0,1,0,0,0,0,1,-0.00035007912466775983,0,0,0,1],"contentsRect":{"y":0,"x":0,"width":1,"height":1},"opacity":1,"edgeAntialiasingMask":251658240,"height":1080,"hidden":false,"anchorPoint":{"pointX":0.5,"pointY":0.5}},"layers":[{"animations":[],"initialState":{"affineTransform":[1,0,0,1,0,0],"masksToBounds":false,"rotation":0,"scale":1,"position":{"pointX":960,"pointY":540},"width":1920,"sublayerTransform":[1,0,0,0,0,1,0,0,0,0,1,0,0,0,0,1],"contentsRect":{"y":0,"x":0,"width":1,"height":1},"opacity":1,"edgeAntialiasingMask":251658240,"height":1080,"hidden":false,"anchorPoint":{"pointX":0.5,"pointY":0.5}},"layers":[{"animations":[],"layers":[],"texturedRectangle":{"isBackgroundTexture":true,"singleTextureOpacity":1,"textureType":1,"textBaseline":0,"textXHeight":0,"isVerticalText":false},"initialState":{"affineTransform":[1,0,0,1,0,0],"masksToBounds":false,"rotation":0,"scale":1,"position":{"pointX":960,"pointY":540},"width":1920,"sublayerTransform":[1,0,0,0,0,1,0,0,0,0,1,0,0,0,0,1],"contentsRect":{"y":0,"x":0,"width":1,"height":1},"opacity":1,"edgeAntialiasingMask":0,"height":1080,"hidden":false,"anchorPoint":{"pointX":0.5,"pointY":0.5}},"texture":"7D64F29B41F5A3C3E90A3E1ABE95377F"}]}]},{"animations":[],"initialState":{"affineTransform":[1,0,0,1,0,0],"masksToBounds":false,"rotation":0,"scale":1,"position":{"pointX":960,"pointY":141.42372894287109},"width":1730,"sublayerTransform":[1,0,0,0,0,1,0,0,0,0,1,0,0,0,0,1],"contentsRect":{"y":0,"x":0,"width":1,"height":1},"opacity":1,"edgeAntialiasingMask":251658240,"height":112.84745788574216,"hidden":false,"anchorPoint":{"pointX":0.5,"pointY":0.5}},"layers":[{"animations":[],"layers":[],"texturedRectangle":{"singleTextureOpacity":1,"textXHeight":0.54931249999999998,"textBaseline":0.77612266540527342,"isBackgroundTexture":true,"isVerticalText":false,"textColor":[0,0,0,1],"textureType":6},"initialState":{"affineTransform":[1,0,0,1,0,0],"masksToBounds":false,"rotation":0,"scale":1,"position":{"pointX":865,"pointY":56.423728942871065},"width":694,"sublayerTransform":[1,0,0,0,0,1,0,0,0,0,1,0,0,0,0,1],"contentsRect":{"y":0,"x":0,"width":1,"height":1},"opacity":1,"edgeAntialiasingMask":0,"height":80,"hidden":false,"anchorPoint":{"pointX":1.2348703170028819,"pointY":0.40529661178588866}},"texture":"33493E7E2A1A708C500F4D904BE84CC1"}]},{"animations":[],"initialState":{"affineTransform":[1,0,0,1,0,0],"masksToBounds":false,"rotation":0,"scale":1,"position":{"pointX":1062.2005157470703,"pointY":277.51150512695312},"width":263.75576782226562,"sublayerTransform":[1,0,0,0,0,1,0,0,0,0,1,0,0,0,0,1],"contentsRect":{"y":0,"x":0,"width":1,"height":1},"opacity":1,"edgeAntialiasingMask":251658240,"height":100,"hidden":false,"anchorPoint":{"pointX":0.5,"pointY":0.5}},"layers":[{"animations":[],"layers":[],"texturedRectangle":{"singleTextureOpacity":1,"textXHeight":0,"shapePath":{"lineWidth":1,"flatness":0.59999999999999998,"lineCapStyle":0,"elements":[{"type":"MoveToPoint","points":[[24.252606835937513,1.511505126953125]]},{"type":"AddLine","points":[[242.14842465820311,1.511505126953125]]},{"type":"AddCurve","points":[[248.87720871197075,1.511505126953125],[252.91447914423134,1.511505126953125],[255.60599276573816,2.6351759446583571]]},{"type":"AddCurve","points":[[259.48604225881695,4.0473984676186774],[262.54250631753757,7.1038625263393271],[263.95472884049786,10.983912019418028]]},{"type":"AddCurve","points":[[265.07839965820312,13.675425640925027],[265.07839965820312,17.712696073185555],[265.07839965820312,24.441480126953138]]},{"type":"AddLine","points":[[265.07839965820312,78.581530126953112]]},{"type":"AddCurve","points":[[265.07839965820312,85.310314180720695],[265.07839965820312,89.347584612981223],[263.95472884049786,92.039098234488222]]},{"type":"AddCurve","points":[[262.54250631753757,95.919147727566951],[259.48604225881695,98.975611786287573],[255.60599276573816,100.38783430924786]]},{"type":"AddCurve","points":[[252.91447914423134,101.51150512695312],[248.87720871197075,101.51150512695312],[242.14842465820311,101.51150512695312]]},{"type":"AddLine","points":[[24.252606835937513,101.51150512695312]]},{"type":"AddCurve","points":[[17.523822782169987,101.51150512695312],[13.486552349909402,101.51150512695312],[10.795038728402346,100.38783430924786]]},{"type":"AddCurve","points":[[6.9149892353236737,98.975611786287573],[3.8585251766030524,95.919147727566951],[2.4463026536427606,92.039098234488222]]},{"type":"AddCurve","points":[[1.3226318359375,89.347584612981223],[1.3226318359375,85.310314180720695],[1.3226318359375,78.581530126953112]]},{"type":"AddLine","points":[[1.3226318359375,24.441480126953138]]},{"type":"AddCurve","points":[[1.3226318359375,17.712696073185555],[1.3226318359375,13.675425640925027],[2.4463026536427606,10.983912019418028]]},{"type":"AddCurve","points":[[3.8585251766030524,7.1038625263393271],[6.9149892353236737,4.0473984676186774],[10.795038728402346,2.6351759446583571]]},{"type":"AddCurve","points":[[13.486552349909402,1.511505126953125],[17.523822782169987,1.511505126953125],[24.252606835937513,1.511505126953125]]},{"type":"CloseSubpath"},{"type":"MoveToPoint","points":[[24.252606835937513,1.511505126953125]]}],"windingRule":0,"lineJoinStyle":0,"miterLimit":10},"isBackgroundTexture":true,"textBaseline":0,"isVerticalText":false,"textureType":5},"initialState":{"affineTransform":[1,0,0,1,0,0],"masksToBounds":false,"rotation":0,"scale":1,"position":{"pointX":131.87788391113281,"pointY":50},"width":267,"sublayerTransform":[1,0,0,0,0,1,0,0,0,0,1,0,0,0,0,1],"contentsRect":{"y":0,"x":0,"width":1,"height":1},"opacity":1,"edgeAntialiasingMask":0,"height":103,"hidden":true,"anchorPoint":{"pointX":0.49887833613134946,"pointY":0.50011170026168084}},"texture":"BC56899EDA91E3BFAC0544C383C98D57"}]},{"animations":[],"initialState":{"affineTransform":[1,0,0,1,0,0],"masksToBounds":false,"rotation":0,"scale":1,"position":{"pointX":1062.2005157470703,"pointY":277.51150512695312},"width":263.75576782226562,"sublayerTransform":[1,0,0,0,0,1,0,0,0,0,1,0,0,0,0,1],"contentsRect":{"y":0,"x":0,"width":1,"height":1},"opacity":1,"edgeAntialiasingMask":251658240,"height":100,"hidden":false,"anchorPoint":{"pointX":0.5,"pointY":0.5}},"layers":[{"animations":[],"layers":[],"texturedRectangle":{"singleTextureOpacity":1,"textXHeight":0.59085714285714286,"textBaseline":0.89783695765904015,"isBackgroundTexture":true,"isVerticalText":false,"textColor":[0,0,0,1],"textureType":6},"initialState":{"affineTransform":[1,0,0,1,0,0],"masksToBounds":false,"rotation":0,"scale":1,"position":{"pointX":131.87788391113281,"pointY":50},"width":145,"sublayerTransform":[1,0,0,0,0,1,0,0,0,0,1,0,0,0,0,1],"contentsRect":{"y":0,"x":0,"width":1,"height":1},"opacity":1,"edgeAntialiasingMask":0,"height":28,"hidden":true,"anchorPoint":{"pointX":0.49103803963496767,"pointY":0.4825537545340402}},"texture":"CBE537DA8436C625DBA1408D50DED8DD"}]},{"animations":[],"initialState":{"affineTransform":[1,0,0,1,0,0],"masksToBounds":false,"rotation":0,"scale":1,"position":{"pointX":1062.2005157470703,"pointY":817.12945556640625},"width":263.75576782226562,"sublayerTransform":[1,0,0,0,0,1,0,0,0,0,1,0,0,0,0,1],"contentsRect":{"y":0,"x":0,"width":1,"height":1},"opacity":1,"edgeAntialiasingMask":251658240,"height":100,"hidden":false,"anchorPoint":{"pointX":0.5,"pointY":0.5}},"layers":[{"animations":[],"layers":[],"texturedRectangle":{"singleTextureOpacity":1,"textXHeight":0,"shapePath":{"lineWidth":1,"flatness":0.59999999999999998,"lineCapStyle":0,"elements":[{"type":"MoveToPoint","points":[[24.252606835937513,1.12945556640625]]},{"type":"AddLine","points":[[242.14842465820311,1.12945556640625]]},{"type":"AddCurve","points":[[248.87720871197075,1.12945556640625],[252.91447914423134,1.12945556640625],[255.60599276573816,2.2531263841115106]]},{"type":"AddCurve","points":[[259.48604225881695,3.6653489070718024],[262.54250631753757,6.7218129657924237],[263.95472884049786,10.601862458871096]]},{"type":"AddCurve","points":[[265.07839965820312,13.293376080378152],[265.07839965820312,17.330646512638737],[265.07839965820312,24.059430566406263]]},{"type":"AddLine","points":[[265.07839965820312,78.199480566406237]]},{"type":"AddCurve","points":[[265.07839965820312,84.928264620173763],[265.07839965820312,88.965535052434348],[263.95472884049786,91.657048673941404]]},{"type":"AddCurve","points":[[262.54250631753757,95.537098167020076],[259.48604225881695,98.593562225740698],[255.60599276573816,100.00578474870099]]},{"type":"AddCurve","points":[[252.91447914423134,101.12945556640625],[248.87720871197075,101.12945556640625],[242.14842465820311,101.12945556640625]]},{"type":"AddLine","points":[[24.252606835937513,101.12945556640625]]},{"type":"AddCurve","points":[[17.523822782169987,101.12945556640625],[13.486552349909402,101.12945556640625],[10.795038728402346,100.00578474870099]]},{"type":"AddCurve","points":[[6.9149892353236737,98.593562225740698],[3.8585251766030524,95.537098167020076],[2.4463026536427606,91.657048673941404]]},{"type":"AddCurve","points":[[1.3226318359375,88.965535052434348],[1.3226318359375,84.928264620173763],[1.3226318359375,78.199480566406237]]},{"type":"AddLine","points":[[1.3226318359375,24.059430566406263]]},{"type":"AddCurve","points":[[1.3226318359375,17.330646512638737],[1.3226318359375,13.293376080378152],[2.4463026536427606,10.601862458871096]]},{"type":"AddCurve","points":[[3.8585251766030524,6.7218129657924237],[6.9149892353236737,3.6653489070718024],[10.795038728402346,2.2531263841115106]]},{"type":"AddCurve","points":[[13.486552349909402,1.12945556640625],[17.523822782169987,1.12945556640625],[24.252606835937513,1.12945556640625]]},{"type":"CloseSubpath"},{"type":"MoveToPoint","points":[[24.252606835937513,1.12945556640625]]}],"windingRule":0,"lineJoinStyle":0,"miterLimit":10},"isBackgroundTexture":true,"textBaseline":0,"isVerticalText":false,"textureType":5},"initialState":{"affineTransform":[1,0,0,1,0,0],"masksToBounds":false,"rotation":0,"scale":1,"position":{"pointX":131.87788391113281,"pointY":50},"width":267,"sublayerTransform":[1,0,0,0,0,1,0,0,0,0,1,0,0,0,0,1],"contentsRect":{"y":0,"x":0,"width":1,"height":1},"opacity":1,"edgeAntialiasingMask":0,"height":103,"hidden":true,"anchorPoint":{"pointX":0.49887833613134946,"pointY":0.49640248122724512}},"texture":"51830165FCAA3C41FC7E5C40F2F0AF86"}]},{"animations":[],"initialState":{"affineTransform":[1,0,0,1,0,0],"masksToBounds":false,"rotation":0,"scale":1,"position":{"pointX":1062.2005157470703,"pointY":817.12945556640625},"width":263.75576782226562,"sublayerTransform":[1,0,0,0,0,1,0,0,0,0,1,0,0,0,0,1],"contentsRect":{"y":0,"x":0,"width":1,"height":1},"opacity":1,"edgeAntialiasingMask":251658240,"height":100,"hidden":false,"anchorPoint":{"pointX":0.5,"pointY":0.5}},"layers":[{"animations":[],"layers":[],"texturedRectangle":{"singleTextureOpacity":1,"textXHeight":0.59085714285714286,"textBaseline":0.8841923304966518,"isBackgroundTexture":true,"isVerticalText":false,"textColor":[0,0,0,1],"textureType":6},"initialState":{"affineTransform":[1,0,0,1,0,0],"masksToBounds":false,"rotation":0,"scale":1,"position":{"pointX":131.87788391113281,"pointY":50},"width":150,"sublayerTransform":[1,0,0,0,0,1,0,0,0,0,1,0,0,0,0,1],"contentsRect":{"y":0,"x":0,"width":1,"height":1},"opacity":1,"edgeAntialiasingMask":0,"height":28,"hidden":true,"anchorPoint":{"pointX":0.49467010498046876,"pointY":0.4689091273716518}},"texture":"87F09E08618D993E8A5FB695204920D1"}]},{"animations":[],"initialState":{"affineTransform":[1,0,0,1,0,0],"masksToBounds":false,"rotation":0,"scale":1,"position":{"pointX":960.00001525878906,"pointY":430.87556457519531},"width":364.60830688476562,"sublayerTransform":[1,0,0,0,0,1,0,0,0,0,1,0,0,0,0,1],"contentsRect":{"y":0,"x":0,"width":1,"height":1},"opacity":1,"edgeAntialiasingMask":251658240,"height":286.60714721679688,"hidden":false,"anchorPoint":{"pointX":0.5,"pointY":0.5}},"layers":[{"animations":[],"layers":[],"texturedRectangle":{"singleTextureOpacity":1,"textXHeight":0,"shapePath":{"lineWidth":1,"flatness":0.59999999999999998,"lineCapStyle":0,"elements":[{"type":"MoveToPoint","points":[[24.625836816406263,1.571990966796875]]},{"type":"AddLine","points":[[343.37419370117186,1.571990966796875]]},{"type":"AddCurve","points":[[350.10297775493927,1.571990966796875],[354.14024818720009,1.571990966796875],[356.83176180870691,2.6956617845021356]]},{"type":"AddCurve","points":[[360.7118113017857,4.1078843074624274],[363.76827536050632,7.1643483661830487],[365.18049788346661,11.044397859261778]]},{"type":"AddCurve","points":[[366.30416870117188,13.735911480768777],[366.30416870117188,17.773181913029305],[366.30416870117188,24.501965966796888]]},{"type":"AddLine","points":[[366.30416870117188,265.24916318359374]]},{"type":"AddCurve","points":[[366.30416870117188,271.97794723736126],[366.30416870117188,276.01521766962185],[365.18049788346661,278.70673129112879]]},{"type":"AddCurve","points":[[363.76827536050632,282.58678078420758],[360.7118113017857,285.6432448429282],[356.83176180870691,287.05546736588849]]},{"type":"AddCurve","points":[[354.14024818720009,288.17913818359375],[350.10297775493927,288.17913818359375],[343.37419370117186,288.17913818359375]]},{"type":"AddLine","points":[[24.625836816406263,288.17913818359375]]},{"type":"AddCurve","points":[[17.897052762638737,288.17913818359375],[13.859782330378152,288.17913818359375],[11.168268708871096,287.05546736588849]]},{"type":"AddCurve","points":[[7.2882192157924237,285.6432448429282],[4.2317551570718024,282.58678078420758],[2.8195326341115106,278.70673129112879]]},{"type":"AddCurve","points":[[1.69586181640625,276.01521766962185],[1.69586181640625,271.97794723736126],[1.69586181640625,265.24916318359374]]},{"type":"AddLine","points":[[1.69586181640625,24.501965966796888]]},{"type":"AddCurve","points":[[1.69586181640625,17.773181913029305],[1.69586181640625,13.735911480768777],[2.8195326341115106,11.044397859261778]]},{"type":"AddCurve","points":[[4.2317551570718024,7.1643483661831056],[7.2882192157924237,4.1078843074624274],[11.168268708871096,2.6956617845021356]]},{"type":"AddCurve","points":[[13.859782330378152,1.571990966796875],[17.897052762638737,1.571990966796875],[24.625836816406263,1.571990966796875]]},{"type":"CloseSubpath"},{"type":"MoveToPoint","points":[[24.625836816406263,1.571990966796875]]}],"windingRule":0,"lineJoinStyle":0,"miterLimit":10},"isBackgroundTexture":true,"textBaseline":0,"isVerticalText":false,"textureType":5},"initialState":{"affineTransform":[1,0,0,1,0,0],"masksToBounds":false,"rotation":0,"scale":1,"position":{"pointX":182.30415344238281,"pointY":143.30357360839844},"width":368,"sublayerTransform":[1,0,0,0,0,1,0,0,0,0,1,0,0,0,0,1],"contentsRect":{"y":0,"x":0,"width":1,"height":1},"opacity":1,"edgeAntialiasingMask":0,"height":290,"hidden":false,"anchorPoint":{"pointX":0.50000004146410071,"pointY":0.49957091232825968}},"texture":"40725916E8F2AACB397EA63EEDDA38B8"}]},{"animations":[],"initialState":{"affineTransform":[1,0,0,1,0,0],"masksToBounds":false,"rotation":0,"scale":1,"position":{"pointX":364.68894958496094,"pointY":336.4976806640625},"width":263.75576782226562,"sublayerTransform":[1,0,0,0,0,1,0,0,0,0,1,0,0,0,0,1],"contentsRect":{"y":0,"x":0,"width":1,"height":1},"opacity":1,"edgeAntialiasingMask":251658240,"height":100,"hidden":false,"anchorPoint":{"pointX":0.5,"pointY":0.5}},"layers":[{"animations":[],"layers":[],"texturedRectangle":{"singleTextureOpacity":1,"textXHeight":0,"shapePath":{"lineWidth":1,"flatness":0.59999999999999998,"lineCapStyle":0,"elements":[{"type":"MoveToPoint","points":[[24.741040673828138,1.4976806640625]]},{"type":"AddLine","points":[[242.63685849609374,1.4976806640625]]},{"type":"AddCurve","points":[[249.36564254986132,1.4976806640625],[253.40291298212185,1.4976806640625],[256.0944266036289,2.6213514817677606]]},{"type":"AddCurve","points":[[259.97447609670758,4.0335740047280524],[263.0309401554282,7.0900380634486737],[264.44316267838849,10.970087556527403]]},{"type":"AddCurve","points":[[265.56683349609375,13.661601178034402],[265.56683349609375,17.69887161029493],[265.56683349609375,24.427655664062513]]},{"type":"AddLine","points":[[265.56683349609375,78.567705664062487]]},{"type":"AddCurve","points":[[265.56683349609375,85.29648971783007],[265.56683349609375,89.333760150090598],[264.44316267838849,92.025273771597597]]},{"type":"AddCurve","points":[[263.0309401554282,95.905323264676326],[259.97447609670758,98.961787323396948],[256.0944266036289,100.37400984635724]]},{"type":"AddCurve","points":[[253.40291298212185,101.4976806640625],[249.36564254986132,101.4976806640625],[242.63685849609374,101.4976806640625]]},{"type":"AddLine","points":[[24.741040673828138,101.4976806640625]]},{"type":"AddCurve","points":[[18.012256620060555,101.4976806640625],[13.974986187800027,101.4976806640625],[11.283472566293028,100.37400984635724]]},{"type":"AddCurve","points":[[7.4034230732143271,98.961787323396948],[4.3469590144936774,95.905323264676326],[2.9347364915333571,92.025273771597597]]},{"type":"AddCurve","points":[[1.811065673828125,89.333760150090598],[1.811065673828125,85.29648971783007],[1.811065673828125,78.567705664062487]]},{"type":"AddLine","points":[[1.811065673828125,24.427655664062513]]},{"type":"AddCurve","points":[[1.811065673828125,17.69887161029493],[1.811065673828125,13.661601178034402],[2.9347364915333571,10.970087556527403]]},{"type":"AddCurve","points":[[4.3469590144936774,7.0900380634487306],[7.4034230732143271,4.0335740047280524],[11.283472566293028,2.6213514817677606]]},{"type":"AddCurve","points":[[13.974986187800027,1.4976806640625],[18.012256620060555,1.4976806640625],[24.741040673828138,1.4976806640625]]},{"type":"CloseSubpath"},{"type":"MoveToPoint","points":[[24.741040673828138,1.4976806640625]]}],"windingRule":0,"lineJoinStyle":0,"miterLimit":10},"isBackgroundTexture":true,"textBaseline":0,"isVerticalText":false,"textureType":5},"initialState":{"affineTransform":[1,0,0,1,0,0],"masksToBounds":false,"rotation":0,"scale":1,"position":{"pointX":131.87788391113281,"pointY":50},"width":267,"sublayerTransform":[1,0,0,0,0,1,0,0,0,0,1,0,0,0,0,1],"contentsRect":{"y":0,"x":0,"width":1,"height":1},"opacity":1,"edgeAntialiasingMask":0,"height":103,"hidden":false,"anchorPoint":{"pointX":0.50070767634816826,"pointY":0.49997748217536409}},"texture":"CD957751C6D99CF79D3EC2768DDA96BF"}]},{"animations":[],"initialState":{"affineTransform":[1,0,0,1,0,0],"masksToBounds":false,"rotation":0,"scale":1,"position":{"pointX":364.68894958496094,"pointY":336.4976806640625},"width":263.75576782226562,"sublayerTransform":[1,0,0,0,0,1,0,0,0,0,1,0,0,0,0,1],"contentsRect":{"y":0,"x":0,"width":1,"height":1},"opacity":1,"edgeAntialiasingMask":251658240,"height":100,"hidden":false,"anchorPoint":{"pointX":0.5,"pointY":0.5}},"layers":[{"animations":[],"layers":[],"texturedRectangle":{"singleTextureOpacity":1,"textXHeight":0.5013333333333333,"textBaseline":0.76138213186553028,"isBackgroundTexture":true,"isVerticalText":false,"textColor":[0,0,0,1],"textureType":6},"initialState":{"affineTransform":[1,0,0,1,0,0],"masksToBounds":false,"rotation":0,"scale":1,"position":{"pointX":131.87788391113281,"pointY":50},"width":77,"sublayerTransform":[1,0,0,0,0,1,0,0,0,0,1,0,0,0,0,1],"contentsRect":{"y":0,"x":0,"width":1,"height":1},"opacity":1,"edgeAntialiasingMask":0,"height":33,"hidden":false,"anchorPoint":{"pointX":0.48946687772676545,"pointY":0.4090206261837121}},"texture":"5F40D2D53B71AB1D57925641DE69D74A"}]},{"animations":[],"initialState":{"affineTransform":[1,0,0,1,0,0],"masksToBounds":false,"rotation":0,"scale":1,"position":{"pointX":364.68894958496094,"pointY":525.12823486328125},"width":263.75576782226562,"sublayerTransform":[1,0,0,0,0,1,0,0,0,0,1,0,0,0,0,1],"contentsRect":{"y":0,"x":0,"width":1,"height":1},"opacity":1,"edgeAntialiasingMask":251658240,"height":100,"hidden":false,"anchorPoint":{"pointX":0.5,"pointY":0.5}},"layers":[{"animations":[],"layers":[],"texturedRectangle":{"singleTextureOpacity":1,"textXHeight":0,"shapePath":{"lineWidth":1,"flatness":0.59999999999999998,"lineCapStyle":0,"elements":[{"type":"MoveToPoint","points":[[24.741040673828138,1.12823486328125]]},{"type":"AddLine","points":[[242.63685849609374,1.12823486328125]]},{"type":"AddCurve","points":[[249.36564254986132,1.12823486328125],[253.40291298212185,1.12823486328125],[256.0944266036289,2.2519056809865106]]},{"type":"AddCurve","points":[[259.97447609670758,3.6641282039468024],[263.0309401554282,6.7205922626674237],[264.44316267838849,10.600641755746153]]},{"type":"AddCurve","points":[[265.56683349609375,13.292155377253152],[265.56683349609375,17.32942580951368],[265.56683349609375,24.058209863281263]]},{"type":"AddLine","points":[[265.56683349609375,78.198259863281237]]},{"type":"AddCurve","points":[[265.56683349609375,84.927043917048763],[265.56683349609375,88.964314349309348],[264.44316267838849,91.655827970816404]]},{"type":"AddCurve","points":[[263.0309401554282,95.535877463895076],[259.97447609670758,98.592341522615698],[256.0944266036289,100.00456404557599]]},{"type":"AddCurve","points":[[253.40291298212185,101.12823486328125],[249.36564254986132,101.12823486328125],[242.63685849609374,101.12823486328125]]},{"type":"AddLine","points":[[24.741040673828138,101.12823486328125]]},{"type":"AddCurve","points":[[18.012256620060555,101.12823486328125],[13.974986187800027,101.12823486328125],[11.283472566293028,100.00456404557599]]},{"type":"AddCurve","points":[[7.4034230732143271,98.592341522615698],[4.3469590144936774,95.535877463895076],[2.9347364915333571,91.655827970816404]]},{"type":"AddCurve","points":[[1.811065673828125,88.964314349309348],[1.811065673828125,84.927043917048763],[1.811065673828125,78.198259863281237]]},{"type":"AddLine","points":[[1.811065673828125,24.058209863281263]]},{"type":"AddCurve","points":[[1.811065673828125,17.32942580951368],[1.811065673828125,13.292155377253152],[2.9347364915333571,10.600641755746153]]},{"type":"AddCurve","points":[[4.3469590144936774,6.7205922626674806],[7.4034230732143271,3.6641282039468024],[11.283472566293028,2.2519056809865106]]},{"type":"AddCurve","points":[[13.974986187800027,1.12823486328125],[18.012256620060555,1.12823486328125],[24.741040673828138,1.12823486328125]]},{"type":"CloseSubpath"},{"type":"MoveToPoint","points":[[24.741040673828138,1.12823486328125]]}],"windingRule":0,"lineJoinStyle":0,"miterLimit":10},"isBackgroundTexture":true,"textBaseline":0,"isVerticalText":false,"textureType":5},"initialState":{"affineTransform":[1,0,0,1,0,0],"masksToBounds":false,"rotation":0,"scale":1,"position":{"pointX":131.87788391113281,"pointY":50},"width":267,"sublayerTransform":[1,0,0,0,0,1,0,0,0,0,1,0,0,0,0,1],"contentsRect":{"y":0,"x":0,"width":1,"height":1},"opacity":1,"edgeAntialiasingMask":0,"height":103,"hidden":false,"anchorPoint":{"pointX":0.50070767634816826,"pointY":0.49639062974059467}},"texture":"568373D92346C0BC525388C9F9A237E4"}]},{"animations":[],"initialState":{"affineTransform":[1,0,0,1,0,0],"masksToBounds":false,"rotation":0,"scale":1,"position":{"pointX":364.68894958496094,"pointY":525.12823486328125},"width":263.75576782226562,"sublayerTransform":[1,0,0,0,0,1,0,0,0,0,1,0,0,0,0,1],"contentsRect":{"y":0,"x":0,"width":1,"height":1},"opacity":1,"edgeAntialiasingMask":251658240,"height":100,"hidden":false,"anchorPoint":{"pointX":0.5,"pointY":0.5}},"layers":[{"animations":[],"layers":[],"texturedRectangle":{"singleTextureOpacity":1,"textXHeight":0.5013333333333333,"textBaseline":0.75018680456912878,"isBackgroundTexture":true,"isVerticalText":false,"textColor":[0,0,0,1],"textureType":6},"initialState":{"affineTransform":[1,0,0,1,0,0],"masksToBounds":false,"rotation":0,"scale":1,"position":{"pointX":131.87788391113281,"pointY":50},"width":104,"sublayerTransform":[1,0,0,0,0,1,0,0,0,0,1,0,0,0,0,1],"contentsRect":{"y":0,"x":0,"width":1,"height":1},"opacity":1,"edgeAntialiasingMask":0,"height":33,"hidden":false,"anchorPoint":{"pointX":0.49700913062462437,"pointY":0.39782529888731061}},"texture":"BED4C8AD5688679C355A9B128B619B60"}]},{"animations":[],"initialState":{"affineTransform":[1,0,0,1,0,0],"masksToBounds":false,"rotation":0,"scale":1,"position":{"pointX":1514.9193878173828,"pointY":430.87557983398438},"width":263.75576782226562,"sublayerTransform":[1,0,0,0,0,1,0,0,0,0,1,0,0,0,0,1],"contentsRect":{"y":0,"x":0,"width":1,"height":1},"opacity":1,"edgeAntialiasingMask":251658240,"height":100,"hidden":false,"anchorPoint":{"pointX":0.5,"pointY":0.5}},"layers":[{"animations":[],"layers":[],"texturedRectangle":{"singleTextureOpacity":1,"textXHeight":0,"shapePath":{"lineWidth":1,"flatness":0.59999999999999998,"lineCapStyle":0,"elements":[{"type":"MoveToPoint","points":[[23.971478906250013,1.875579833984375]]},{"type":"AddLine","points":[[241.86729672851561,1.875579833984375]]},{"type":"AddCurve","points":[[248.59608078228325,1.875579833984375],[252.63335121454384,1.875579833984375],[255.32486483605066,2.9992506516896356]]},{"type":"AddCurve","points":[[259.20491432912945,4.4114731746499274],[262.26137838785007,7.4679372333705487],[263.67360091081036,11.347986726449278]]},{"type":"AddCurve","points":[[264.79727172851562,14.039500347956277],[264.79727172851562,18.076770780216805],[264.79727172851562,24.805554833984388]]},{"type":"AddLine","points":[[264.79727172851562,78.945604833984362]]},{"type":"AddCurve","points":[[264.79727172851562,85.674388887751945],[264.79727172851562,89.711659320012473],[263.67360091081036,92.403172941519472]]},{"type":"AddCurve","points":[[262.26137838785007,96.283222434598201],[259.20491432912945,99.339686493318823],[255.32486483605066,100.75190901627911]]},{"type":"AddCurve","points":[[252.63335121454384,101.87557983398438],[248.59608078228325,101.87557983398438],[241.86729672851561,101.87557983398438]]},{"type":"AddLine","points":[[23.971478906250013,101.87557983398438]]},{"type":"AddCurve","points":[[17.242694852482373,101.87557983398438],[13.205424420222016,101.87557983398438],[10.51391079871496,100.75190901627911]]},{"type":"AddCurve","points":[[6.6338613056361737,99.339686493318823],[3.5773972469155524,96.283222434598201],[2.1651747239552606,92.403172941519472]]},{"type":"AddCurve","points":[[1.04150390625,89.711659320012473],[1.04150390625,85.674388887751945],[1.04150390625,78.945604833984362]]},{"type":"AddLine","points":[[1.04150390625,24.805554833984388]]},{"type":"AddCurve","points":[[1.04150390625,18.076770780216805],[1.04150390625,14.039500347956277],[2.1651747239552606,11.347986726449278]]},{"type":"AddCurve","points":[[3.5773972469155524,7.4679372333706056],[6.6338613056361737,4.4114731746499274],[10.51391079871496,2.9992506516896356]]},{"type":"AddCurve","points":[[13.205424420222016,1.875579833984375],[17.242694852482373,1.875579833984375],[23.971478906250013,1.875579833984375]]},{"type":"CloseSubpath"},{"type":"MoveToPoint","points":[[23.971478906250013,1.875579833984375]]}],"windingRule":0,"lineJoinStyle":0,"miterLimit":10},"isBackgroundTexture":true,"textBaseline":0,"isVerticalText":false,"textureType":5},"initialState":{"affineTransform":[1,0,0,1,0,0],"masksToBounds":false,"rotation":0,"scale":1,"position":{"pointX":131.87788391113281,"pointY":50},"width":266,"sublayerTransform":[1,0,0,0,0,1,0,0,0,0,1,0,0,0,0,1],"contentsRect":{"y":0,"x":0,"width":1,"height":1},"opacity":1,"edgeAntialiasingMask":0,"height":103,"hidden":false,"anchorPoint":{"pointX":0.4996969466818903,"pointY":0.50364640615518808}},"texture":"6514F6C887AA2533DE50C28B84492C4C"}]},{"animations":[],"initialState":{"affineTransform":[1,0,0,1,0,0],"masksToBounds":false,"rotation":0,"scale":1,"position":{"pointX":637.31152025949268,"pointY":336.47797112980157},"width":286.79363378070411,"sublayerTransform":[1,0,0,0,0,1,0,0,0,0,1,0,0,0,0,1],"contentsRect":{"y":0,"x":0,"width":1,"height":1},"opacity":1,"edgeAntialiasingMask":251658240,"height":27.734924713284158,"hidden":false,"anchorPoint":{"pointX":0.5,"pointY":0.5}},"layers":[{"animations":[],"layers":[],"texturedRectangle":{"singleTextureOpacity":1,"textXHeight":0,"shapePath":{"lineWidth":1,"flatness":0.59999999999999998,"lineCapStyle":0,"elements":[{"type":"MoveToPoint","points":[[4.914703369140625,15.4976806640625]]},{"type":"AddLine","points":[[267.89588403656637,15.4976806640625]]}],"windingRule":0,"lineJoinStyle":0,"miterLimit":10},"isBackgroundTexture":true,"textBaseline":0,"isVerticalText":false,"textureType":5},"initialState":{"affineTransform":[1,0,0,1,0,0],"masksToBounds":false,"rotation":0,"scale":1,"position":{"pointX":143.39682006835938,"pointY":13.887171890903005},"width":290,"sublayerTransform":[1,0,0,0,0,1,0,0,0,0,1,0,0,0,0,1],"contentsRect":{"y":0,"x":0,"width":1,"height":1},"opacity":1,"edgeAntialiasingMask":0,"height":31,"hidden":false,"anchorPoint":{"pointX":0.50107421875000002,"pointY":0.49992518271169356}},"texture":"66537F099CE1B69667BA5266798A75E3"}]},{"animations":[],"initialState":{"affineTransform":[1,0,0,1,0,0],"masksToBounds":false,"rotation":0,"scale":1,"position":{"pointX":637.31152345939336,"pointY":525.12823968448902},"width":286.79370121566171,"sublayerTransform":[1,0,0,0,0,1,0,0,0,0,1,0,0,0,0,1],"contentsRect":{"y":0,"x":0,"width":1,"height":1},"opacity":1,"edgeAntialiasingMask":251658240,"height":27.734924713284158,"hidden":false,"anchorPoint":{"pointX":0.5,"pointY":0.5}},"layers":[{"animations":[],"layers":[],"texturedRectangle":{"singleTextureOpacity":1,"textXHeight":0,"shapePath":{"lineWidth":1,"flatness":0.59999999999999998,"lineCapStyle":0,"elements":[{"type":"MoveToPoint","points":[[4.9146728515625,15.14794921875]]},{"type":"AddLine","points":[[267.89592095394585,15.14794921875]]}],"windingRule":0,"lineJoinStyle":0,"miterLimit":10},"isBackgroundTexture":true,"textBaseline":0,"isVerticalText":false,"textureType":5},"initialState":{"affineTransform":[1,0,0,1,0,0],"masksToBounds":false,"rotation":0,"scale":1,"position":{"pointX":143.3968505859375,"pointY":13.887171890903005},"width":290,"sublayerTransform":[1,0,0,0,0,1,0,0,0,0,1,0,0,0,0,1],"contentsRect":{"y":0,"x":0,"width":1,"height":1},"opacity":1,"edgeAntialiasingMask":0,"height":30,"hidden":false,"anchorPoint":{"pointX":0.50107421875000002,"pointY":0.50493164062499996}},"texture":"967736F556252E34F3CFC84CC35FD6A8"}]},{"animations":[],"initialState":{"affineTransform":[1,0,0,1,0,0],"masksToBounds":false,"rotation":0,"scale":1,"position":{"pointX":1260.299529063499,"pointY":430.85587029972345},"width":247.51629445512299,"sublayerTransform":[1,0,0,0,0,1,0,0,0,0,1,0,0,0,0,1],"contentsRect":{"y":0,"x":0,"width":1,"height":1},"opacity":1,"edgeAntialiasingMask":251658240,"height":27.734924713284158,"hidden":false,"anchorPoint":{"pointX":0.5,"pointY":0.5}},"layers":[{"animations":[],"layers":[],"texturedRectangle":{"singleTextureOpacity":1,"textXHeight":0,"shapePath":{"lineWidth":1,"flatness":0.59999999999999998,"lineCapStyle":0,"elements":[{"type":"MoveToPoint","points":[[4.5413818359375,15.875579833984375]]},{"type":"AddLine","points":[[228.24522317778201,15.875579833984375]]}],"windingRule":0,"lineJoinStyle":0,"miterLimit":10},"isBackgroundTexture":true,"textBaseline":0,"isVerticalText":false,"textureType":5},"initialState":{"affineTransform":[1,0,0,1,0,0],"masksToBounds":false,"rotation":0,"scale":1,"position":{"pointX":123.75814819335938,"pointY":13.887171890903005},"width":251,"sublayerTransform":[1,0,0,0,0,1,0,0,0,0,1,0,0,0,0,1],"contentsRect":{"y":0,"x":0,"width":1,"height":1},"opacity":1,"edgeAntialiasingMask":0,"height":31,"hidden":false,"anchorPoint":{"pointX":0.49920131485775648,"pointY":0.512115478515625}},"texture":"82C65451534D7211F5B8A1B45E723655"}]}]}}]}