{"assets":{"33493E7E2A1A708C500F4D904BE84CC1":{"type":"texture","index":1,"assetRequest":{"type":"slide","state":"contents","slide":"none"},"url":{"native":"assets\/E32E0EF5-0C8A-4C33-9F9E-5509FE1D6E3E.pdf"},"width":694,"height":80},"51830165FCAA3C41FC7E5C40F2F0AF86":{"type":"texture","index":4,"assetRequest":{"type":"slide","state":"contents","slide":"none"},"url":{"native":"assets\/E32E0EF5-0C8A-4C33-9F9E-5509FE1D6E3E.pdf"},"width":267,"height":103},"A6A2D1009F3112D7BA9334E8601FA400":{"type":"texture","index":6,"assetRequest":{"type":"slide","state":"contents","slide":"none"},"url":{"native":"assets\/E32E0EF5-0C8A-4C33-9F9E-5509FE1D6E3E.pdf"},"width":175,"height":31},"CBE537DA8436C625DBA1408D50DED8DD":{"type":"texture","index":13,"assetRequest":{"type":"slide","state":"contents","slide":"none"},"url":{"native":"assets\/E32E0EF5-0C8A-4C33-9F9E-5509FE1D6E3E.pdf"},"width":145,"height":28},"4ED620E24E26BDAF8384B31F3FA45A7A":{"type":"texture","index":9,"assetRequest":{"type":"slide","state":"contents","slide":"none"},"url":{"native":"assets\/E32E0EF5-0C8A-4C33-9F9E-5509FE1D6E3E.pdf"},"width":264,"height":33},"7D64F29B41F5A3C3E90A3E1ABE95377F":{"type":"texture","index":0,"assetRequest":{"type":"slide","state":"contents","slide":"none"},"url":{"native":"assets\/E32E0EF5-0C8A-4C33-9F9E-5509FE1D6E3E.pdf"},"width":1920,"height":1080},"BC56899EDA91E3BFAC0544C383C98D57":{"type":"texture","index":2,"assetRequest":{"type":"slide","state":"contents","slide":"none"},"url":{"native":"assets\/E32E0EF5-0C8A-4C33-9F9E-5509FE1D6E3E.pdf"},"width":267,"height":103},"A4F41C475E8D43DC3540FE7D34B4CC9C":{"type":"texture","index":12,"assetRequest":{"type":"slide","state":"contents","slide":"none"},"url":{"native":"assets\/E32E0EF5-0C8A-4C33-9F9E-5509FE1D6E3E.pdf"},"width":1014,"height":48},"FDA5CA04785D7BD36CDA3CB0F54B1F6C":{"type":"texture","index":8,"assetRequest":{"type":"slide","state":"contents","slide":"none"},"url":{"native":"assets\/E32E0EF5-0C8A-4C33-9F9E-5509FE1D6E3E.pdf"},"width":368,"height":289},"0BAF476CD9CADF14950D7F6065F510B0":{"type":"texture","index":11,"assetRequest":{"type":"slide","state":"contents","slide":"none"},"url":{"native":"assets\/E32E0EF5-0C8A-4C33-9F9E-5509FE1D6E3E.pdf"},"width":127,"height":34},"B1E491CE385F93C6060A3DEF4A04C037":{"type":"texture","index":3,"assetRequest":{"type":"slide","state":"contents","slide":"none"},"url":{"native":"assets\/E32E0EF5-0C8A-4C33-9F9E-5509FE1D6E3E.pdf"},"width":145,"height":28},"87F09E08618D993E8A5FB695204920D1":{"type":"texture","index":5,"assetRequest":{"type":"slide","state":"contents","slide":"none"},"url":{"native":"assets\/E32E0EF5-0C8A-4C33-9F9E-5509FE1D6E3E.pdf"},"width":150,"height":28},"1938A8A6040D76B227EB35C5439E0015":{"type":"texture","index":10,"assetRequest":{"type":"slide","state":"contents","slide":"none"},"url":{"native":"assets\/E32E0EF5-0C8A-4C33-9F9E-5509FE1D6E3E.pdf"},"width":267,"height":103},"BF3F0053E8839882CD9070EFC688CF3D":{"type":"texture","index":7,"assetRequest":{"type":"slide","state":"contents","slide":"none"},"url":{"native":"assets\/E32E0EF5-0C8A-4C33-9F9E-5509FE1D6E3E.pdf"},"width":175,"height":31}},"events":[{"effects":[{"beginTime":0,"baseLayer":{"animations":[],"initialState":{"affineTransform":[1,0,0,1,0,0],"masksToBounds":false,"rotation":0,"scale":1,"position":{"pointX":960,"pointY":540},"width":1920,"sublayerTransform":[1,0,0,0,0,1,0,0,0,0,1,0,0,0,0,1],"contentsRect":{"y":0,"x":0,"width":1,"height":1},"opacity":1,"edgeAntialiasingMask":251658240,"height":1080,"hidden":false,"anchorPoint":{"pointX":0.5,"pointY":0.5}},"objectID":"0","layers":[{"animations":[],"initialState":{"affineTransform":[1,0,0,1,0,0],"masksToBounds":false,"rotation":0,"scale":1,"position":{"pointX":960,"pointY":540},"width":1920,"sublayerTransform":[1,0,0,0,0,1,0,0,0,0,1,-0.00035007912466775983,0,0,0,1],"contentsRect":{"y":0,"x":0,"width":1,"height":1},"opacity":1,"edgeAntialiasingMask":251658240,"height":1080,"hidden":false,"anchorPoint":{"pointX":0.5,"pointY":0.5}},"layers":[{"animations":[{"additive":false,"timeOffset":0,"beginTime":0,"repeatCount":0,"fillMode":"both","duration":2,"autoreverses":false,"animations":[{"repeatCount":0,"removedOnCompletion":true,"from":{"scalar":0},"timingFunction":"EaseInEaseOut","additive":false,"timeOffset":0,"autoreverses":false,"property":"zPosition","fillMode":"both","duration":2,"beginTime":0,"to":{"scalar":0}}],"removedOnCompletion":false}],"initialState":{"affineTransform":[1,0,0,1,0,0],"masksToBounds":false,"rotation":0,"scale":1,"position":{"pointX":960,"pointY":540},"width":1920,"sublayerTransform":[1,0,0,0,0,1,0,0,0,0,1,0,0,0,0,1],"contentsRect":{"y":0,"x":0,"width":1,"height":1},"opacity":1,"edgeAntialiasingMask":251658240,"height":1080,"hidden":false,"anchorPoint":{"pointX":0.5,"pointY":0.5}},"layers":[{"animations":[],"layers":[],"texturedRectangle":{"isBackgroundTexture":true,"singleTextureOpacity":1,"textureType":1,"textBaseline":0,"textXHeight":0,"isVerticalText":false},"initialState":{"affineTransform":[1,0,0,1,0,0],"masksToBounds":false,"rotation":0,"scale":1,"position":{"pointX":960,"pointY":540},"width":1920,"sublayerTransform":[1,0,0,0,0,1,0,0,0,0,1,0,0,0,0,1],"contentsRect":{"y":0,"x":0,"width":1,"height":1},"opacity":1,"edgeAntialiasingMask":0,"height":1080,"hidden":false,"anchorPoint":{"pointX":0.5,"pointY":0.5}},"texture":"7D64F29B41F5A3C3E90A3E1ABE95377F"}]}]},{"animations":[{"additive":false,"timeOffset":0,"beginTime":0,"repeatCount":0,"fillMode":"both","duration":2,"autoreverses":false,"animations":[{"repeatCount":0,"removedOnCompletion":true,"from":{"scalar":0.001},"timingFunction":"EaseInEaseOut","additive":false,"timeOffset":0,"autoreverses":false,"property":"zPosition","fillMode":"both","duration":2,"beginTime":0,"to":{"scalar":0.001}}],"removedOnCompletion":false}],"initialState":{"affineTransform":[1,0,0,1,0,0],"masksToBounds":false,"rotation":0,"scale":1,"position":{"pointX":960,"pointY":141.42372894287109},"width":1730,"sublayerTransform":[1,0,0,0,0,1,0,0,0,0,1,0,0,0,0,1],"contentsRect":{"y":0,"x":0,"width":1,"height":1},"opacity":1,"edgeAntialiasingMask":251658240,"height":112.84745788574216,"hidden":false,"anchorPoint":{"pointX":0.5,"pointY":0.5}},"layers":[{"animations":[{"additive":false,"timeOffset":0,"beginTime":0,"repeatCount":0,"fillMode":"both","duration":2,"autoreverses":false,"animations":[{"repeatCount":0,"removedOnCompletion":true,"from":{"texture":"33493E7E2A1A708C500F4D904BE84CC1"},"timingFunction":"EaseInEaseOut","additive":false,"timeOffset":0,"autoreverses":false,"property":"contents","fillMode":"both","duration":2,"beginTime":0,"to":{"texture":"33493E7E2A1A708C500F4D904BE84CC1"}}],"removedOnCompletion":false}],"layers":[],"texturedRectangle":{"singleTextureOpacity":1,"textXHeight":0.54931249999999998,"textBaseline":0.77612266540527342,"isBackgroundTexture":true,"isVerticalText":false,"textColor":[0,0,0,1],"textureType":6},"initialState":{"affineTransform":[1,0,0,1,0,0],"masksToBounds":false,"rotation":0,"scale":1,"position":{"pointX":865,"pointY":56.423728942871065},"width":694,"sublayerTransform":[1,0,0,0,0,1,0,0,0,0,1,0,0,0,0,1],"contentsRect":{"y":0,"x":0,"width":1,"height":1},"opacity":1,"edgeAntialiasingMask":0,"height":80,"hidden":false,"anchorPoint":{"pointX":1.2348703170028819,"pointY":0.40529661178588866}},"texture":"33493E7E2A1A708C500F4D904BE84CC1"}]},{"animations":[{"additive":false,"timeOffset":0,"beginTime":0,"repeatCount":0,"fillMode":"both","duration":2,"autoreverses":false,"animations":[{"repeatCount":0,"removedOnCompletion":true,"from":{"scalar":0.002},"timingFunction":"EaseInEaseOut","additive":false,"timeOffset":0,"autoreverses":false,"property":"zPosition","fillMode":"both","duration":2,"beginTime":0,"to":{"scalar":0.002}}],"removedOnCompletion":false}],"initialState":{"affineTransform":[1,0,0,1,0,0],"masksToBounds":false,"rotation":0,"scale":1,"position":{"pointX":1062.2005157470703,"pointY":277.51150512695312},"width":263.75576782226562,"sublayerTransform":[1,0,0,0,0,1,0,0,0,0,1,0,0,0,0,1],"contentsRect":{"y":0,"x":0,"width":1,"height":1},"opacity":1,"edgeAntialiasingMask":251658240,"height":100,"hidden":false,"anchorPoint":{"pointX":0.5,"pointY":0.5}},"layers":[{"animations":[{"additive":false,"timeOffset":0,"beginTime":0,"repeatCount":0,"fillMode":"both","duration":2,"autoreverses":false,"animations":[{"repeatCount":0,"removedOnCompletion":true,"from":{"scalar":1},"timingFunction":"EaseInEaseOut","additive":false,"timeOffset":0,"autoreverses":false,"property":"opacity","fillMode":"forwards","duration":0.66659999999999997,"beginTime":0,"to":{"scalar":0}},{"additive":false,"timeOffset":0,"beginTime":0.66659999999999997,"from":{"scalar":true},"repeatCount":0,"fillMode":"forwards","duration":1.3334000000000001,"autoreverses":false,"property":"hidden","to":{"scalar":true},"removedOnCompletion":true}],"removedOnCompletion":false}],"layers":[],"texturedRectangle":{"singleTextureOpacity":1,"textXHeight":0,"shapePath":{"lineWidth":1,"flatness":0.59999999999999998,"lineCapStyle":0,"elements":[{"type":"MoveToPoint","points":[[24.252606835937513,1.511505126953125]]},{"type":"AddLine","points":[[242.14842465820311,1.511505126953125]]},{"type":"AddCurve","points":[[248.87720871197075,1.511505126953125],[252.91447914423134,1.511505126953125],[255.60599276573816,2.6351759446583571]]},{"type":"AddCurve","points":[[259.48604225881695,4.0473984676186774],[262.54250631753757,7.1038625263393271],[263.95472884049786,10.983912019418028]]},{"type":"AddCurve","points":[[265.07839965820312,13.675425640925027],[265.07839965820312,17.712696073185555],[265.07839965820312,24.441480126953138]]},{"type":"AddLine","points":[[265.07839965820312,78.581530126953112]]},{"type":"AddCurve","points":[[265.07839965820312,85.310314180720695],[265.07839965820312,89.347584612981223],[263.95472884049786,92.039098234488222]]},{"type":"AddCurve","points":[[262.54250631753757,95.919147727566951],[259.48604225881695,98.975611786287573],[255.60599276573816,100.38783430924786]]},{"type":"AddCurve","points":[[252.91447914423134,101.51150512695312],[248.87720871197075,101.51150512695312],[242.14842465820311,101.51150512695312]]},{"type":"AddLine","points":[[24.252606835937513,101.51150512695312]]},{"type":"AddCurve","points":[[17.523822782169987,101.51150512695312],[13.486552349909402,101.51150512695312],[10.795038728402346,100.38783430924786]]},{"type":"AddCurve","points":[[6.9149892353236737,98.975611786287573],[3.8585251766030524,95.919147727566951],[2.4463026536427606,92.039098234488222]]},{"type":"AddCurve","points":[[1.3226318359375,89.347584612981223],[1.3226318359375,85.310314180720695],[1.3226318359375,78.581530126953112]]},{"type":"AddLine","points":[[1.3226318359375,24.441480126953138]]},{"type":"AddCurve","points":[[1.3226318359375,17.712696073185555],[1.3226318359375,13.675425640925027],[2.4463026536427606,10.983912019418028]]},{"type":"AddCurve","points":[[3.8585251766030524,7.1038625263393271],[6.9149892353236737,4.0473984676186774],[10.795038728402346,2.6351759446583571]]},{"type":"AddCurve","points":[[13.486552349909402,1.511505126953125],[17.523822782169987,1.511505126953125],[24.252606835937513,1.511505126953125]]},{"type":"CloseSubpath"},{"type":"MoveToPoint","points":[[24.252606835937513,1.511505126953125]]}],"windingRule":0,"lineJoinStyle":0,"miterLimit":10},"isBackgroundTexture":true,"textBaseline":0,"isVerticalText":false,"textureType":5},"initialState":{"affineTransform":[1,0,0,1,0,0],"masksToBounds":false,"rotation":0,"scale":1,"position":{"pointX":131.87788391113281,"pointY":50},"width":267,"sublayerTransform":[1,0,0,0,0,1,0,0,0,0,1,0,0,0,0,1],"contentsRect":{"y":0,"x":0,"width":1,"height":1},"opacity":1,"edgeAntialiasingMask":0,"height":103,"hidden":false,"anchorPoint":{"pointX":0.49887833613134946,"pointY":0.50011170026168084}},"texture":"BC56899EDA91E3BFAC0544C383C98D57"}]},{"animations":[{"additive":false,"timeOffset":0,"beginTime":0,"repeatCount":0,"fillMode":"both","duration":2,"autoreverses":false,"animations":[{"repeatCount":0,"removedOnCompletion":true,"from":{"scalar":0.0030000000000000001},"timingFunction":"EaseInEaseOut","additive":false,"timeOffset":0,"autoreverses":false,"property":"zPosition","fillMode":"both","duration":2,"beginTime":0,"to":{"scalar":0.0030000000000000001}}],"removedOnCompletion":false}],"initialState":{"affineTransform":[1,0,0,1,0,0],"masksToBounds":false,"rotation":0,"scale":1,"position":{"pointX":1062.2005157470703,"pointY":277.51150512695312},"width":263.75576782226562,"sublayerTransform":[1,0,0,0,0,1,0,0,0,0,1,0,0,0,0,1],"contentsRect":{"y":0,"x":0,"width":1,"height":1},"opacity":1,"edgeAntialiasingMask":251658240,"height":100,"hidden":false,"anchorPoint":{"pointX":0.5,"pointY":0.5}},"layers":[{"animations":[{"additive":false,"timeOffset":0,"beginTime":0,"repeatCount":0,"fillMode":"both","duration":2,"autoreverses":false,"animations":[{"repeatCount":0,"removedOnCompletion":true,"from":{"scalar":1},"timingFunction":"EaseInEaseOut","additive":false,"timeOffset":0,"autoreverses":false,"property":"opacity","fillMode":"forwards","duration":0.66659999999999997,"beginTime":0,"to":{"scalar":0}},{"additive":false,"timeOffset":0,"beginTime":0.66659999999999997,"from":{"scalar":true},"repeatCount":0,"fillMode":"forwards","duration":1.3334000000000001,"autoreverses":false,"property":"hidden","to":{"scalar":true},"removedOnCompletion":true}],"removedOnCompletion":false}],"layers":[],"texturedRectangle":{"singleTextureOpacity":1,"textXHeight":0.59085714285714286,"textBaseline":0.89783695765904015,"isBackgroundTexture":true,"isVerticalText":false,"textColor":[0,0,0,1],"textureType":6},"initialState":{"affineTransform":[1,0,0,1,0,0],"masksToBounds":false,"rotation":0,"scale":1,"position":{"pointX":131.87788391113281,"pointY":50},"width":145,"sublayerTransform":[1,0,0,0,0,1,0,0,0,0,1,0,0,0,0,1],"contentsRect":{"y":0,"x":0,"width":1,"height":1},"opacity":1,"edgeAntialiasingMask":0,"height":28,"hidden":false,"anchorPoint":{"pointX":0.49103803963496767,"pointY":0.4825537545340402}},"texture":"CBE537DA8436C625DBA1408D50DED8DD"}]},{"animations":[{"additive":false,"timeOffset":0,"beginTime":0,"repeatCount":0,"fillMode":"both","duration":2,"autoreverses":false,"animations":[{"repeatCount":0,"removedOnCompletion":true,"from":{"scalar":0.0040000000000000001},"timingFunction":"EaseInEaseOut","additive":false,"timeOffset":0,"autoreverses":false,"property":"zPosition","fillMode":"both","duration":2,"beginTime":0,"to":{"scalar":0.0040000000000000001}}],"removedOnCompletion":false}],"initialState":{"affineTransform":[1,0,0,1,0,0],"masksToBounds":false,"rotation":0,"scale":1,"position":{"pointX":1062.2005157470703,"pointY":817.12945556640625},"width":263.75576782226562,"sublayerTransform":[1,0,0,0,0,1,0,0,0,0,1,0,0,0,0,1],"contentsRect":{"y":0,"x":0,"width":1,"height":1},"opacity":1,"edgeAntialiasingMask":251658240,"height":100,"hidden":false,"anchorPoint":{"pointX":0.5,"pointY":0.5}},"layers":[{"animations":[{"additive":false,"timeOffset":0,"beginTime":0,"repeatCount":0,"fillMode":"both","duration":2,"autoreverses":false,"animations":[{"repeatCount":0,"removedOnCompletion":true,"from":{"scalar":1},"timingFunction":"EaseInEaseOut","additive":false,"timeOffset":0,"autoreverses":false,"property":"opacity","fillMode":"forwards","duration":0.66659999999999997,"beginTime":0,"to":{"scalar":0}},{"additive":false,"timeOffset":0,"beginTime":0.66659999999999997,"from":{"scalar":true},"repeatCount":0,"fillMode":"forwards","duration":1.3334000000000001,"autoreverses":false,"property":"hidden","to":{"scalar":true},"removedOnCompletion":true}],"removedOnCompletion":false}],"layers":[],"texturedRectangle":{"singleTextureOpacity":1,"textXHeight":0,"shapePath":{"lineWidth":1,"flatness":0.59999999999999998,"lineCapStyle":0,"elements":[{"type":"MoveToPoint","points":[[24.252606835937513,1.12945556640625]]},{"type":"AddLine","points":[[242.14842465820311,1.12945556640625]]},{"type":"AddCurve","points":[[248.87720871197075,1.12945556640625],[252.91447914423134,1.12945556640625],[255.60599276573816,2.2531263841115106]]},{"type":"AddCurve","points":[[259.48604225881695,3.6653489070718024],[262.54250631753757,6.7218129657924237],[263.95472884049786,10.601862458871096]]},{"type":"AddCurve","points":[[265.07839965820312,13.293376080378152],[265.07839965820312,17.330646512638737],[265.07839965820312,24.059430566406263]]},{"type":"AddLine","points":[[265.07839965820312,78.199480566406237]]},{"type":"AddCurve","points":[[265.07839965820312,84.928264620173763],[265.07839965820312,88.965535052434348],[263.95472884049786,91.657048673941404]]},{"type":"AddCurve","points":[[262.54250631753757,95.537098167020076],[259.48604225881695,98.593562225740698],[255.60599276573816,100.00578474870099]]},{"type":"AddCurve","points":[[252.91447914423134,101.12945556640625],[248.87720871197075,101.12945556640625],[242.14842465820311,101.12945556640625]]},{"type":"AddLine","points":[[24.252606835937513,101.12945556640625]]},{"type":"AddCurve","points":[[17.523822782169987,101.12945556640625],[13.486552349909402,101.12945556640625],[10.795038728402346,100.00578474870099]]},{"type":"AddCurve","points":[[6.9149892353236737,98.593562225740698],[3.8585251766030524,95.537098167020076],[2.4463026536427606,91.657048673941404]]},{"type":"AddCurve","points":[[1.3226318359375,88.965535052434348],[1.3226318359375,84.928264620173763],[1.3226318359375,78.199480566406237]]},{"type":"AddLine","points":[[1.3226318359375,24.059430566406263]]},{"type":"AddCurve","points":[[1.3226318359375,17.330646512638737],[1.3226318359375,13.293376080378152],[2.4463026536427606,10.601862458871096]]},{"type":"AddCurve","points":[[3.8585251766030524,6.7218129657924237],[6.9149892353236737,3.6653489070718024],[10.795038728402346,2.2531263841115106]]},{"type":"AddCurve","points":[[13.486552349909402,1.12945556640625],[17.523822782169987,1.12945556640625],[24.252606835937513,1.12945556640625]]},{"type":"CloseSubpath"},{"type":"MoveToPoint","points":[[24.252606835937513,1.12945556640625]]}],"windingRule":0,"lineJoinStyle":0,"miterLimit":10},"isBackgroundTexture":true,"textBaseline":0,"isVerticalText":false,"textureType":5},"initialState":{"affineTransform":[1,0,0,1,0,0],"masksToBounds":false,"rotation":0,"scale":1,"position":{"pointX":131.87788391113281,"pointY":50},"width":267,"sublayerTransform":[1,0,0,0,0,1,0,0,0,0,1,0,0,0,0,1],"contentsRect":{"y":0,"x":0,"width":1,"height":1},"opacity":1,"edgeAntialiasingMask":0,"height":103,"hidden":false,"anchorPoint":{"pointX":0.49887833613134946,"pointY":0.49640248122724512}},"texture":"51830165FCAA3C41FC7E5C40F2F0AF86"}]},{"animations":[{"additive":false,"timeOffset":0,"beginTime":0,"repeatCount":0,"fillMode":"both","duration":2,"autoreverses":false,"animations":[{"repeatCount":0,"removedOnCompletion":true,"from":{"scalar":0.0050000000000000001},"timingFunction":"EaseInEaseOut","additive":false,"timeOffset":0,"autoreverses":false,"property":"zPosition","fillMode":"both","duration":2,"beginTime":0,"to":{"scalar":0.0050000000000000001}}],"removedOnCompletion":false}],"initialState":{"affineTransform":[1,0,0,1,0,0],"masksToBounds":false,"rotation":0,"scale":1,"position":{"pointX":1062.2005157470703,"pointY":817.12945556640625},"width":263.75576782226562,"sublayerTransform":[1,0,0,0,0,1,0,0,0,0,1,0,0,0,0,1],"contentsRect":{"y":0,"x":0,"width":1,"height":1},"opacity":1,"edgeAntialiasingMask":251658240,"height":100,"hidden":false,"anchorPoint":{"pointX":0.5,"pointY":0.5}},"layers":[{"animations":[{"additive":false,"timeOffset":0,"beginTime":0,"repeatCount":0,"fillMode":"both","duration":2,"autoreverses":false,"animations":[{"repeatCount":0,"removedOnCompletion":true,"from":{"scalar":1},"timingFunction":"EaseInEaseOut","additive":false,"timeOffset":0,"autoreverses":false,"property":"opacity","fillMode":"forwards","duration":0.66659999999999997,"beginTime":0,"to":{"scalar":0}},{"additive":false,"timeOffset":0,"beginTime":0.66659999999999997,"from":{"scalar":true},"repeatCount":0,"fillMode":"forwards","duration":1.3334000000000001,"autoreverses":false,"property":"hidden","to":{"scalar":true},"removedOnCompletion":true}],"removedOnCompletion":false}],"layers":[],"texturedRectangle":{"singleTextureOpacity":1,"textXHeight":0.59085714285714286,"textBaseline":0.8841923304966518,"isBackgroundTexture":true,"isVerticalText":false,"textColor":[0,0,0,1],"textureType":6},"initialState":{"affineTransform":[1,0,0,1,0,0],"masksToBounds":false,"rotation":0,"scale":1,"position":{"pointX":131.87788391113281,"pointY":50},"width":150,"sublayerTransform":[1,0,0,0,0,1,0,0,0,0,1,0,0,0,0,1],"contentsRect":{"y":0,"x":0,"width":1,"height":1},"opacity":1,"edgeAntialiasingMask":0,"height":28,"hidden":false,"anchorPoint":{"pointX":0.49467010498046876,"pointY":0.4689091273716518}},"texture":"87F09E08618D993E8A5FB695204920D1"}]},{"animations":[{"additive":false,"timeOffset":0,"beginTime":0,"repeatCount":0,"fillMode":"both","duration":2,"autoreverses":false,"animations":[{"repeatCount":0,"removedOnCompletion":true,"from":{"scalar":0.0060000000000000001},"timingFunction":"EaseInEaseOut","additive":false,"timeOffset":0,"autoreverses":false,"property":"zPosition","fillMode":"both","duration":2,"beginTime":0,"to":{"scalar":0.0060000000000000001}}],"removedOnCompletion":false}],"initialState":{"affineTransform":[1,0,0,1,0,0],"masksToBounds":false,"rotation":0,"scale":1,"position":{"pointX":1062.2005241381048,"pointY":408.73605828800464},"width":171.80644378402224,"sublayerTransform":[1,0,0,0,0,1,0,0,0,0,1,0,0,0,0,1],"contentsRect":{"y":0,"x":0,"width":1,"height":1},"opacity":1,"edgeAntialiasingMask":251658240,"height":27.734924713284215,"hidden":false,"anchorPoint":{"pointX":0.5,"pointY":0.5}},"layers":[{"animations":[{"additive":false,"timeOffset":0,"beginTime":0,"repeatCount":0,"fillMode":"both","duration":2,"autoreverses":false,"animations":[{"repeatCount":0,"removedOnCompletion":true,"from":{"scalar":1},"timingFunction":"EaseInEaseOut","additive":false,"timeOffset":0,"autoreverses":false,"property":"opacity","fillMode":"forwards","duration":0.66659999999999997,"beginTime":0,"to":{"scalar":0}},{"additive":false,"timeOffset":0,"beginTime":0.66659999999999997,"from":{"scalar":true},"repeatCount":0,"fillMode":"forwards","duration":1.3334000000000001,"autoreverses":false,"property":"hidden","to":{"scalar":true},"removedOnCompletion":true},{"additive":false,"timeOffset":0,"beginTime":0,"from":{"scalar":1.5707963267948968},"repeatCount":0,"fillMode":"forwards","duration":2,"autoreverses":false,"property":"transform.rotation.z","to":{"scalar":1.5707963267948968},"removedOnCompletion":true}],"removedOnCompletion":false}],"layers":[],"texturedRectangle":{"singleTextureOpacity":1,"textXHeight":0,"shapePath":{"lineWidth":1,"flatness":0.59999999999999998,"lineCapStyle":0,"elements":[{"type":"MoveToPoint","points":[[87.200523376464844,-67.147453308105469]]},{"type":"AddLine","points":[[87.200523376464616,80.846537362638287]]}],"windingRule":0,"lineJoinStyle":0,"miterLimit":10},"isBackgroundTexture":true,"textBaseline":0,"isVerticalText":false,"textureType":5},"initialState":{"affineTransform":[0,1,-1,0,0,0],"masksToBounds":false,"rotation":1.5707963267948966,"scale":1,"position":{"pointX":85.903221130371207,"pointY":13.887171890903062},"width":175,"sublayerTransform":[1,0,0,0,0,1,0,0,0,0,1,0,0,0,0,1],"contentsRect":{"y":0,"x":0,"width":1,"height":1},"opacity":1,"edgeAntialiasingMask":0,"height":31,"hidden":false,"anchorPoint":{"pointX":0.49828870500837052,"pointY":0.50825057491179437}},"texture":"A6A2D1009F3112D7BA9334E8601FA400"}]},{"animations":[{"additive":false,"timeOffset":0,"beginTime":0,"repeatCount":0,"fillMode":"both","duration":2,"autoreverses":false,"animations":[{"repeatCount":0,"removedOnCompletion":true,"from":{"scalar":0.0070000000000000001},"timingFunction":"EaseInEaseOut","additive":false,"timeOffset":0,"autoreverses":false,"property":"zPosition","fillMode":"both","duration":2,"beginTime":0,"to":{"scalar":0.0070000000000000001}}],"removedOnCompletion":false}],"initialState":{"affineTransform":[1,0,0,1,0,0],"masksToBounds":false,"rotation":0,"scale":1,"position":{"pointX":1062.2004959310993,"pointY":678.54503341543978},"width":171.80644378402224,"sublayerTransform":[1,0,0,0,0,1,0,0,0,0,1,0,0,0,0,1],"contentsRect":{"y":0,"x":0,"width":1,"height":1},"opacity":1,"edgeAntialiasingMask":251658240,"height":27.734924713284158,"hidden":false,"anchorPoint":{"pointX":0.5,"pointY":0.5}},"layers":[{"animations":[{"additive":false,"timeOffset":0,"beginTime":0,"repeatCount":0,"fillMode":"both","duration":2,"autoreverses":false,"animations":[{"repeatCount":0,"removedOnCompletion":true,"from":{"scalar":1},"timingFunction":"EaseInEaseOut","additive":false,"timeOffset":0,"autoreverses":false,"property":"opacity","fillMode":"forwards","duration":0.66659999999999997,"beginTime":0,"to":{"scalar":0}},{"additive":false,"timeOffset":0,"beginTime":0.66659999999999997,"from":{"scalar":true},"repeatCount":0,"fillMode":"forwards","duration":1.3334000000000001,"autoreverses":false,"property":"hidden","to":{"scalar":true},"removedOnCompletion":true},{"additive":false,"timeOffset":0,"beginTime":0,"from":{"scalar":1.5707963267948968},"repeatCount":0,"fillMode":"forwards","duration":2,"autoreverses":false,"property":"transform.rotation.z","to":{"scalar":1.5707963267948968},"removedOnCompletion":true}],"removedOnCompletion":false}],"layers":[],"texturedRectangle":{"singleTextureOpacity":1,"textXHeight":0,"shapePath":{"lineWidth":1,"flatness":0.59999999999999998,"lineCapStyle":0,"elements":[{"type":"MoveToPoint","points":[[87.200494056472962,-67.338477067684039]]},{"type":"AddLine","points":[[87.200494056472735,80.655513603059717]]}],"windingRule":0,"lineJoinStyle":0,"miterLimit":10},"isBackgroundTexture":true,"textBaseline":0,"isVerticalText":false,"textureType":5},"initialState":{"affineTransform":[0,1,-1,0,0,0],"masksToBounds":false,"rotation":1.5707963267948966,"scale":1,"position":{"pointX":85.903220017384797,"pointY":13.887171890902891},"width":175,"sublayerTransform":[1,0,0,0,0,1,0,0,0,0,1,0,0,0,0,1],"contentsRect":{"y":0,"x":0,"width":1,"height":1},"opacity":1,"edgeAntialiasingMask":0,"height":31,"hidden":false,"anchorPoint":{"pointX":0.49828853746555979,"pointY":0.50208848224840785}},"texture":"BF3F0053E8839882CD9070EFC688CF3D"}]},{"animations":[{"additive":false,"timeOffset":0,"beginTime":0,"repeatCount":0,"fillMode":"both","duration":2,"autoreverses":false,"animations":[{"repeatCount":0,"removedOnCompletion":true,"from":{"scalar":0.0080000000000000002},"timingFunction":"EaseInEaseOut","additive":false,"timeOffset":0,"autoreverses":false,"property":"zPosition","fillMode":"both","duration":2,"beginTime":0,"to":{"scalar":0.0080000000000000002}}],"removedOnCompletion":false}],"initialState":{"affineTransform":[1,0,0,1,0,0],"masksToBounds":false,"rotation":0,"scale":1,"position":{"pointX":507.28111267089844,"pointY":547.32048034667969},"width":364.60830688476562,"sublayerTransform":[1,0,0,0,0,1,0,0,0,0,1,0,0,0,0,1],"contentsRect":{"y":0,"x":0,"width":1,"height":1},"opacity":1,"edgeAntialiasingMask":251658240,"height":286.60714721679688,"hidden":false,"anchorPoint":{"pointX":0.5,"pointY":0.5}},"layers":[{"animations":[{"additive":false,"timeOffset":0,"beginTime":0,"repeatCount":0,"fillMode":"both","duration":2,"autoreverses":false,"animations":[{"repeatCount":0,"removedOnCompletion":true,"from":{"scalar":1},"timingFunction":"EaseInEaseOut","additive":false,"timeOffset":0,"autoreverses":false,"property":"opacity","fillMode":"forwards","duration":0.66659999999999997,"beginTime":0,"to":{"scalar":0}},{"additive":false,"timeOffset":0,"beginTime":0.66659999999999997,"from":{"scalar":true},"repeatCount":0,"fillMode":"forwards","duration":1.3334000000000001,"autoreverses":false,"property":"hidden","to":{"scalar":true},"removedOnCompletion":true}],"removedOnCompletion":false}],"layers":[],"texturedRectangle":{"singleTextureOpacity":1,"textXHeight":0,"shapePath":{"lineWidth":1,"flatness":0.59999999999999998,"lineCapStyle":0,"elements":[{"type":"MoveToPoint","points":[[24.906934228515638,1.01690673828125]]},{"type":"AddLine","points":[[343.65529111328124,1.01690673828125]]},{"type":"AddCurve","points":[[350.38407516704876,1.01690673828125],[354.42134559930935,1.01690673828125],[357.11285922081629,2.1405775559865106]]},{"type":"AddCurve","points":[[360.99290871389508,3.5528000789468024],[364.0493727726157,6.6092641376674237],[365.46159529557599,10.489313630746153]]},{"type":"AddCurve","points":[[366.58526611328125,13.180827252253152],[366.58526611328125,17.21809768451368],[366.58526611328125,23.946881738281263]]},{"type":"AddLine","points":[[366.58526611328125,264.69407895507811]]},{"type":"AddCurve","points":[[366.58526611328125,271.42286300884564],[366.58526611328125,275.46013344110622],[365.46159529557599,278.15164706261316]]},{"type":"AddCurve","points":[[364.0493727726157,282.03169655569195],[360.99290871389508,285.08816061441257],[357.11285922081629,286.50038313737286]]},{"type":"AddCurve","points":[[354.42134559930935,287.62405395507812],[350.38407516704876,287.62405395507812],[343.65529111328124,287.62405395507812]]},{"type":"AddLine","points":[[24.906934228515638,287.62405395507812]]},{"type":"AddCurve","points":[[18.178150174748055,287.62405395507812],[14.140879742487527,287.62405395507812],[11.449366120980528,286.50038313737286]]},{"type":"AddCurve","points":[[7.5693166279017987,285.08816061441257],[4.5128525691811774,282.03169655569195],[3.1006300462208856,278.15164706261316]]},{"type":"AddCurve","points":[[1.976959228515625,275.46013344110622],[1.976959228515625,271.42286300884564],[1.976959228515625,264.69407895507811]]},{"type":"AddLine","points":[[1.976959228515625,23.946881738281263]]},{"type":"AddCurve","points":[[1.976959228515625,17.21809768451368],[1.976959228515625,13.180827252253152],[3.1006300462208856,10.489313630746153]]},{"type":"AddCurve","points":[[4.5128525691811774,6.6092641376674806],[7.5693166279018556,3.5528000789468024],[11.449366120980528,2.1405775559865106]]},{"type":"AddCurve","points":[[14.140879742487527,1.01690673828125],[18.178150174748055,1.01690673828125],[24.906934228515638,1.01690673828125]]},{"type":"CloseSubpath"},{"type":"MoveToPoint","points":[[24.906934228515638,1.01690673828125]]}],"windingRule":0,"lineJoinStyle":0,"miterLimit":10},"isBackgroundTexture":true,"textBaseline":0,"isVerticalText":false,"textureType":5},"initialState":{"affineTransform":[1,0,0,1,0,0],"masksToBounds":false,"rotation":0,"scale":1,"position":{"pointX":182.30415344238281,"pointY":143.30357360839844},"width":368,"sublayerTransform":[1,0,0,0,0,1,0,0,0,0,1,0,0,0,0,1],"contentsRect":{"y":0,"x":0,"width":1,"height":1},"opacity":1,"edgeAntialiasingMask":0,"height":289,"hidden":false,"anchorPoint":{"pointX":0.50076389312744141,"pointY":0.49937882472899547}},"texture":"FDA5CA04785D7BD36CDA3CB0F54B1F6C"}]},{"animations":[{"additive":false,"timeOffset":0,"beginTime":0,"repeatCount":0,"fillMode":"both","duration":2,"autoreverses":false,"animations":[{"repeatCount":0,"removedOnCompletion":true,"from":{"scalar":0.0090000000000000011},"timingFunction":"EaseInEaseOut","additive":false,"timeOffset":0,"autoreverses":false,"property":"zPosition","fillMode":"both","duration":2,"beginTime":0,"to":{"scalar":0.0090000000000000011}}],"removedOnCompletion":false}],"initialState":{"affineTransform":[1,0,0,1,0,0],"masksToBounds":false,"rotation":0,"scale":1,"position":{"pointX":507.28111267089844,"pointY":547.32048034667969},"width":364.60830688476562,"sublayerTransform":[1,0,0,0,0,1,0,0,0,0,1,0,0,0,0,1],"contentsRect":{"y":0,"x":0,"width":1,"height":1},"opacity":1,"edgeAntialiasingMask":251658240,"height":286.60714721679688,"hidden":false,"anchorPoint":{"pointX":0.5,"pointY":0.5}},"layers":[{"animations":[{"additive":false,"timeOffset":0,"beginTime":0,"repeatCount":0,"fillMode":"both","duration":2,"autoreverses":false,"animations":[{"repeatCount":0,"removedOnCompletion":true,"from":{"scalar":1},"timingFunction":"EaseInEaseOut","additive":false,"timeOffset":0,"autoreverses":false,"property":"opacity","fillMode":"forwards","duration":0.66659999999999997,"beginTime":0,"to":{"scalar":0}},{"additive":false,"timeOffset":0,"beginTime":0.66659999999999997,"from":{"scalar":true},"repeatCount":0,"fillMode":"forwards","duration":1.3334000000000001,"autoreverses":false,"property":"hidden","to":{"scalar":true},"removedOnCompletion":true}],"removedOnCompletion":false}],"layers":[],"texturedRectangle":{"singleTextureOpacity":1,"textXHeight":0.5013333333333333,"textBaseline":0.73166170987215906,"isBackgroundTexture":true,"isVerticalText":false,"textColor":[0.99991613626480103,1,0.99988490343093872,1],"textureType":6},"initialState":{"affineTransform":[1,0,0,1,0,0],"masksToBounds":false,"rotation":0,"scale":1,"position":{"pointX":182.30415344238281,"pointY":143.30357360839844},"width":264,"sublayerTransform":[1,0,0,0,0,1,0,0,0,0,1,0,0,0,0,1],"contentsRect":{"y":0,"x":0,"width":1,"height":1},"opacity":1,"edgeAntialiasingMask":0,"height":33,"hidden":false,"anchorPoint":{"pointX":0.5010648207231001,"pointY":0.37334788929332385}},"texture":"4ED620E24E26BDAF8384B31F3FA45A7A"}]},{"animations":[{"additive":false,"timeOffset":0,"beginTime":0,"repeatCount":0,"fillMode":"both","duration":2,"autoreverses":false,"animations":[{"repeatCount":0,"removedOnCompletion":true,"from":{"scalar":0.01},"timingFunction":"EaseInEaseOut","additive":false,"timeOffset":0,"autoreverses":false,"property":"zPosition","fillMode":"both","duration":2,"beginTime":0,"to":{"scalar":0.01}}],"removedOnCompletion":false}],"initialState":{"affineTransform":[1,0,0,1,0,0],"masksToBounds":false,"rotation":0,"scale":1,"position":{"pointX":1062.2005157470703,"pointY":547.32049560546875},"width":263.75576782226562,"sublayerTransform":[1,0,0,0,0,1,0,0,0,0,1,0,0,0,0,1],"contentsRect":{"y":0,"x":0,"width":1,"height":1},"opacity":1,"edgeAntialiasingMask":251658240,"height":100,"hidden":false,"anchorPoint":{"pointX":0.5,"pointY":0.5}},"layers":[{"animations":[{"additive":false,"timeOffset":0,"beginTime":0,"repeatCount":0,"fillMode":"both","duration":2,"autoreverses":false,"animations":[{"repeatCount":0,"removedOnCompletion":true,"from":{"scalar":1},"timingFunction":"EaseInEaseOut","additive":false,"timeOffset":0,"autoreverses":false,"property":"opacity","fillMode":"forwards","duration":0.66659999999999997,"beginTime":0,"to":{"scalar":0}},{"additive":false,"timeOffset":0,"beginTime":0.66659999999999997,"from":{"scalar":true},"repeatCount":0,"fillMode":"forwards","duration":1.3334000000000001,"autoreverses":false,"property":"hidden","to":{"scalar":true},"removedOnCompletion":true}],"removedOnCompletion":false}],"layers":[],"texturedRectangle":{"singleTextureOpacity":1,"textXHeight":0,"shapePath":{"lineWidth":1,"flatness":0.59999999999999998,"lineCapStyle":0,"elements":[{"type":"MoveToPoint","points":[[24.252606835937513,1.32049560546875]]},{"type":"AddLine","points":[[242.14842465820311,1.32049560546875]]},{"type":"AddCurve","points":[[248.87720871197075,1.32049560546875],[252.91447914423134,1.32049560546875],[255.60599276573816,2.4441664231740106]]},{"type":"AddCurve","points":[[259.48604225881695,3.8563889461343024],[262.54250631753757,6.9128530048549237],[263.95472884049786,10.792902497933653]]},{"type":"AddCurve","points":[[265.07839965820312,13.484416119440652],[265.07839965820312,17.521686551701237],[265.07839965820312,24.250470605468763]]},{"type":"AddLine","points":[[265.07839965820312,78.390520605468737]]},{"type":"AddCurve","points":[[265.07839965820312,85.119304659236263],[265.07839965820312,89.156575091496848],[263.95472884049786,91.848088713003904]]},{"type":"AddCurve","points":[[262.54250631753757,95.728138206082576],[259.48604225881695,98.784602264803198],[255.60599276573816,100.19682478776349]]},{"type":"AddCurve","points":[[252.91447914423134,101.32049560546875],[248.87720871197075,101.32049560546875],[242.14842465820311,101.32049560546875]]},{"type":"AddLine","points":[[24.252606835937513,101.32049560546875]]},{"type":"AddCurve","points":[[17.523822782169987,101.32049560546875],[13.486552349909402,101.32049560546875],[10.795038728402346,100.19682478776349]]},{"type":"AddCurve","points":[[6.9149892353236737,98.784602264803198],[3.8585251766030524,95.728138206082576],[2.4463026536427606,91.848088713003904]]},{"type":"AddCurve","points":[[1.3226318359375,89.156575091496848],[1.3226318359375,85.119304659236263],[1.3226318359375,78.390520605468737]]},{"type":"AddLine","points":[[1.3226318359375,24.250470605468763]]},{"type":"AddCurve","points":[[1.3226318359375,17.521686551701237],[1.3226318359375,13.484416119440652],[2.4463026536427606,10.792902497933653]]},{"type":"AddCurve","points":[[3.8585251766030524,6.9128530048549806],[6.9149892353236737,3.8563889461343024],[10.795038728402346,2.4441664231740106]]},{"type":"AddCurve","points":[[13.486552349909402,1.32049560546875],[17.523822782169987,1.32049560546875],[24.252606835937513,1.32049560546875]]},{"type":"CloseSubpath"},{"type":"MoveToPoint","points":[[24.252606835937513,1.32049560546875]]}],"windingRule":0,"lineJoinStyle":0,"miterLimit":10},"isBackgroundTexture":true,"textBaseline":0,"isVerticalText":false,"textureType":5},"initialState":{"affineTransform":[1,0,0,1,0,0],"masksToBounds":false,"rotation":0,"scale":1,"position":{"pointX":131.87788391113281,"pointY":50},"width":267,"sublayerTransform":[1,0,0,0,0,1,0,0,0,0,1,0,0,0,0,1],"contentsRect":{"y":0,"x":0,"width":1,"height":1},"opacity":1,"edgeAntialiasingMask":0,"height":103,"hidden":false,"anchorPoint":{"pointX":0.49887833613134946,"pointY":0.49825723888804613}},"texture":"1938A8A6040D76B227EB35C5439E0015"}]},{"animations":[{"additive":false,"timeOffset":0,"beginTime":0,"repeatCount":0,"fillMode":"both","duration":2,"autoreverses":false,"animations":[{"repeatCount":0,"removedOnCompletion":true,"from":{"scalar":0.010999999999999999},"timingFunction":"EaseInEaseOut","additive":false,"timeOffset":0,"autoreverses":false,"property":"zPosition","fillMode":"both","duration":2,"beginTime":0,"to":{"scalar":0.010999999999999999}}],"removedOnCompletion":false}],"initialState":{"affineTransform":[1,0,0,1,0,0],"masksToBounds":false,"rotation":0,"scale":1,"position":{"pointX":1062.2005157470703,"pointY":547.32049560546875},"width":263.75576782226562,"sublayerTransform":[1,0,0,0,0,1,0,0,0,0,1,0,0,0,0,1],"contentsRect":{"y":0,"x":0,"width":1,"height":1},"opacity":1,"edgeAntialiasingMask":251658240,"height":100,"hidden":false,"anchorPoint":{"pointX":0.5,"pointY":0.5}},"layers":[{"animations":[{"additive":false,"timeOffset":0,"beginTime":0,"repeatCount":0,"fillMode":"both","duration":2,"autoreverses":false,"animations":[{"repeatCount":0,"removedOnCompletion":true,"from":{"scalar":1},"timingFunction":"EaseInEaseOut","additive":false,"timeOffset":0,"autoreverses":false,"property":"opacity","fillMode":"forwards","duration":0.66659999999999997,"beginTime":0,"to":{"scalar":0}},{"additive":false,"timeOffset":0,"beginTime":0.66659999999999997,"from":{"scalar":true},"repeatCount":0,"fillMode":"forwards","duration":1.3334000000000001,"autoreverses":false,"property":"hidden","to":{"scalar":true},"removedOnCompletion":true}],"removedOnCompletion":false}],"layers":[],"texturedRectangle":{"singleTextureOpacity":1,"textXHeight":0.48658823529411765,"textBaseline":0.73377721449908084,"isBackgroundTexture":true,"isVerticalText":false,"textColor":[0.99991613626480103,1,0.99988490343093872,1],"textureType":6},"initialState":{"affineTransform":[1,0,0,1,0,0],"masksToBounds":false,"rotation":0,"scale":1,"position":{"pointX":131.87788391113281,"pointY":50},"width":127,"sublayerTransform":[1,0,0,0,0,1,0,0,0,0,1,0,0,0,0,1],"contentsRect":{"y":0,"x":0,"width":1,"height":1},"opacity":1,"edgeAntialiasingMask":0,"height":34,"hidden":false,"anchorPoint":{"pointX":0.49764185627614421,"pointY":0.39177928251378674}},"texture":"0BAF476CD9CADF14950D7F6065F510B0"}]},{"animations":[{"additive":false,"timeOffset":0,"beginTime":0,"repeatCount":0,"fillMode":"both","duration":2,"autoreverses":false,"animations":[{"repeatCount":0,"removedOnCompletion":true,"from":{"scalar":0.012},"timingFunction":"EaseInEaseOut","additive":false,"timeOffset":0,"autoreverses":false,"property":"zPosition","fillMode":"both","duration":2,"beginTime":0,"to":{"scalar":0.012}}],"removedOnCompletion":false}],"initialState":{"affineTransform":[1,0,0,1,0,0],"masksToBounds":false,"rotation":0,"scale":1,"position":{"pointX":807.58065699318649,"pointY":547.30078607120777},"width":247.51629445512299,"sublayerTransform":[1,0,0,0,0,1,0,0,0,0,1,0,0,0,0,1],"contentsRect":{"y":0,"x":0,"width":1,"height":1},"opacity":1,"edgeAntialiasingMask":251658240,"height":27.734924713284158,"hidden":false,"anchorPoint":{"pointX":0.5,"pointY":0.5}},"layers":[{"animations":[{"additive":false,"timeOffset":0,"beginTime":0,"repeatCount":0,"fillMode":"both","duration":2,"autoreverses":false,"animations":[{"repeatCount":0,"removedOnCompletion":true,"from":{"scalar":1},"timingFunction":"EaseInEaseOut","additive":false,"timeOffset":0,"autoreverses":false,"property":"opacity","fillMode":"forwards","duration":0.66659999999999997,"beginTime":0,"to":{"scalar":0}},{"additive":false,"timeOffset":0,"beginTime":0.66659999999999997,"from":{"scalar":true},"repeatCount":0,"fillMode":"forwards","duration":1.3334000000000001,"autoreverses":false,"property":"hidden","to":{"scalar":true},"removedOnCompletion":true}],"removedOnCompletion":false}],"layers":[],"texturedRectangle":{"singleTextureOpacity":1,"textXHeight":0,"shapePath":{"lineWidth":1,"flatness":0.59999999999999998,"lineCapStyle":0,"elements":[{"type":"MoveToPoint","points":[[4.822509765625,15.32049560546875]]},{"type":"AddLine","points":[[228.52635110746962,15.32049560546875]]}],"windingRule":0,"lineJoinStyle":0,"miterLimit":10},"isBackgroundTexture":true,"textBaseline":0,"isVerticalText":false,"textureType":5},"initialState":{"affineTransform":[1,0,0,1,0,0],"masksToBounds":false,"rotation":0,"scale":1,"position":{"pointX":123.75814819335938,"pointY":13.887171890903005},"width":251,"sublayerTransform":[1,0,0,0,0,1,0,0,0,0,1,0,0,0,0,1],"contentsRect":{"y":0,"x":0,"width":1,"height":1},"opacity":1,"edgeAntialiasingMask":0,"height":31,"hidden":false,"anchorPoint":{"pointX":0.50032134645013693,"pointY":0.49420953566028225}},"texture":"B1E491CE385F93C6060A3DEF4A04C037"}]},{"animations":[{"additive":false,"timeOffset":0,"beginTime":0,"repeatCount":0,"fillMode":"both","duration":2,"autoreverses":false,"animations":[{"repeatCount":0,"removedOnCompletion":true,"from":{"scalar":0.013000000000000001},"timingFunction":"EaseInEaseOut","additive":false,"timeOffset":0,"autoreverses":false,"property":"zPosition","fillMode":"both","duration":2,"beginTime":0,"to":{"scalar":0.013000000000000001}}],"removedOnCompletion":false}],"initialState":{"affineTransform":[1,0,0,1,0,0],"masksToBounds":false,"rotation":0,"scale":1,"position":{"pointX":960,"pointY":600.87820434570312},"width":1730,"sublayerTransform":[1,0,0,0,0,1,0,0,0,0,1,0,0,0,0,1],"contentsRect":{"y":0,"x":0,"width":1,"height":1},"opacity":1,"edgeAntialiasingMask":251658240,"height":767.4586181640625,"hidden":false,"anchorPoint":{"pointX":0.5,"pointY":0.5}},"layers":[{"animations":[{"additive":false,"timeOffset":0,"beginTime":0,"repeatCount":0,"fillMode":"both","duration":2,"autoreverses":false,"animations":[{"repeatCount":0,"removedOnCompletion":true,"from":{"scalar":0},"timingFunction":"EaseInEaseOut","additive":false,"timeOffset":0,"autoreverses":false,"property":"opacity","fillMode":"both","duration":0.66659999999999997,"beginTime":1.3334000000000001,"to":{"scalar":1}},{"additive":false,"timeOffset":0,"beginTime":1.3334000000000001,"from":{"scalar":false},"repeatCount":0,"fillMode":"forwards","duration":0.66659999999999986,"autoreverses":false,"property":"hidden","to":{"scalar":false},"removedOnCompletion":true}],"removedOnCompletion":false}],"layers":[],"texturedRectangle":{"singleTextureOpacity":1,"textXHeight":0.51700000000000002,"textBaseline":0.76210467020670569,"isBackgroundTexture":true,"isVerticalText":false,"textColor":[0,0,0,1],"textureType":6},"initialState":{"affineTransform":[1,0,0,1,0,0],"masksToBounds":false,"rotation":0,"scale":1,"position":{"pointX":865,"pointY":383.72930908203125},"width":1014,"sublayerTransform":[1,0,0,0,0,1,0,0,0,0,1,0,0,0,0,1],"contentsRect":{"y":0,"x":0,"width":1,"height":1},"opacity":1,"edgeAntialiasingMask":0,"height":48,"hidden":true,"anchorPoint":{"pointX":0.84516765285996054,"pointY":7.7266292572021484}},"texture":"A4F41C475E8D43DC3540FE7D34B4CC9C"}]}]},"effects":[],"duration":2,"type":"transition","attributes":{"direction":0},"name":"apple:magic-move-implied-motion-path","objectID":"0"}],"automaticPlay":false,"hyperlinks":[],"accessibility":[{"text":"Program","targetRectangle":{"y":527.82049560546875,"x":998.75835969805712,"width":126.88000000000011,"height":38.07177734375}},{"text":"Machine Learning","targetRectangle":{"y":528.01690673828125,"x":375.08183422851562,"width":264.38400000000001,"height":38.07177734375}},{"text":"New Data","targetRectangle":{"y":258.01150512695312,"x":990.18235969805721,"width":144.03200000000004,"height":38.07177734375}},{"text":"Prediction","targetRectangle":{"y":797.62945556640625,"x":986.90235969805713,"width":150.5920000000001,"height":38.07177734375}},{"text":"Machine Learning","targetRectangle":{"y":89,"x":99,"width":699.89000060796729,"height":100.53440856933594}}],"baseLayer":{"animations":[],"initialState":{"affineTransform":[1,0,0,1,0,0],"masksToBounds":false,"rotation":0,"scale":1,"position":{"pointX":960,"pointY":540},"width":1920,"sublayerTransform":[1,0,0,0,0,1,0,0,0,0,1,0,0,0,0,1],"contentsRect":{"y":0,"x":0,"width":1,"height":1},"opacity":1,"edgeAntialiasingMask":251658240,"height":1080,"hidden":false,"anchorPoint":{"pointX":0.5,"pointY":0.5}},"objectID":"0","layers":[{"animations":[],"initialState":{"affineTransform":[1,0,0,1,0,0],"masksToBounds":false,"rotation":0,"scale":1,"position":{"pointX":960,"pointY":540},"width":1920,"sublayerTransform":[1,0,0,0,0,1,0,0,0,0,1,-0.00035007912466775983,0,0,0,1],"contentsRect":{"y":0,"x":0,"width":1,"height":1},"opacity":1,"edgeAntialiasingMask":251658240,"height":1080,"hidden":false,"anchorPoint":{"pointX":0.5,"pointY":0.5}},"layers":[{"animations":[],"initialState":{"affineTransform":[1,0,0,1,0,0],"masksToBounds":false,"rotation":0,"scale":1,"position":{"pointX":960,"pointY":540},"width":1920,"sublayerTransform":[1,0,0,0,0,1,0,0,0,0,1,0,0,0,0,1],"contentsRect":{"y":0,"x":0,"width":1,"height":1},"opacity":1,"edgeAntialiasingMask":251658240,"height":1080,"hidden":false,"anchorPoint":{"pointX":0.5,"pointY":0.5}},"layers":[{"animations":[],"layers":[],"texturedRectangle":{"isBackgroundTexture":true,"singleTextureOpacity":1,"textureType":1,"textBaseline":0,"textXHeight":0,"isVerticalText":false},"initialState":{"affineTransform":[1,0,0,1,0,0],"masksToBounds":false,"rotation":0,"scale":1,"position":{"pointX":960,"pointY":540},"width":1920,"sublayerTransform":[1,0,0,0,0,1,0,0,0,0,1,0,0,0,0,1],"contentsRect":{"y":0,"x":0,"width":1,"height":1},"opacity":1,"edgeAntialiasingMask":0,"height":1080,"hidden":false,"anchorPoint":{"pointX":0.5,"pointY":0.5}},"texture":"7D64F29B41F5A3C3E90A3E1ABE95377F"}]}]},{"animations":[],"initialState":{"affineTransform":[1,0,0,1,0,0],"masksToBounds":false,"rotation":0,"scale":1,"position":{"pointX":960,"pointY":141.42372894287109},"width":1730,"sublayerTransform":[1,0,0,0,0,1,0,0,0,0,1,0,0,0,0,1],"contentsRect":{"y":0,"x":0,"width":1,"height":1},"opacity":1,"edgeAntialiasingMask":251658240,"height":112.84745788574216,"hidden":false,"anchorPoint":{"pointX":0.5,"pointY":0.5}},"layers":[{"animations":[],"layers":[],"texturedRectangle":{"singleTextureOpacity":1,"textXHeight":0.54931249999999998,"textBaseline":0.77612266540527342,"isBackgroundTexture":true,"isVerticalText":false,"textColor":[0,0,0,1],"textureType":6},"initialState":{"affineTransform":[1,0,0,1,0,0],"masksToBounds":false,"rotation":0,"scale":1,"position":{"pointX":865,"pointY":56.423728942871065},"width":694,"sublayerTransform":[1,0,0,0,0,1,0,0,0,0,1,0,0,0,0,1],"contentsRect":{"y":0,"x":0,"width":1,"height":1},"opacity":1,"edgeAntialiasingMask":0,"height":80,"hidden":false,"anchorPoint":{"pointX":1.2348703170028819,"pointY":0.40529661178588866}},"texture":"33493E7E2A1A708C500F4D904BE84CC1"}]},{"animations":[],"initialState":{"affineTransform":[1,0,0,1,0,0],"masksToBounds":false,"rotation":0,"scale":1,"position":{"pointX":1062.2005157470703,"pointY":277.51150512695312},"width":263.75576782226562,"sublayerTransform":[1,0,0,0,0,1,0,0,0,0,1,0,0,0,0,1],"contentsRect":{"y":0,"x":0,"width":1,"height":1},"opacity":1,"edgeAntialiasingMask":251658240,"height":100,"hidden":false,"anchorPoint":{"pointX":0.5,"pointY":0.5}},"layers":[{"animations":[],"layers":[],"texturedRectangle":{"singleTextureOpacity":1,"textXHeight":0,"shapePath":{"lineWidth":1,"flatness":0.59999999999999998,"lineCapStyle":0,"elements":[{"type":"MoveToPoint","points":[[24.252606835937513,1.511505126953125]]},{"type":"AddLine","points":[[242.14842465820311,1.511505126953125]]},{"type":"AddCurve","points":[[248.87720871197075,1.511505126953125],[252.91447914423134,1.511505126953125],[255.60599276573816,2.6351759446583571]]},{"type":"AddCurve","points":[[259.48604225881695,4.0473984676186774],[262.54250631753757,7.1038625263393271],[263.95472884049786,10.983912019418028]]},{"type":"AddCurve","points":[[265.07839965820312,13.675425640925027],[265.07839965820312,17.712696073185555],[265.07839965820312,24.441480126953138]]},{"type":"AddLine","points":[[265.07839965820312,78.581530126953112]]},{"type":"AddCurve","points":[[265.07839965820312,85.310314180720695],[265.07839965820312,89.347584612981223],[263.95472884049786,92.039098234488222]]},{"type":"AddCurve","points":[[262.54250631753757,95.919147727566951],[259.48604225881695,98.975611786287573],[255.60599276573816,100.38783430924786]]},{"type":"AddCurve","points":[[252.91447914423134,101.51150512695312],[248.87720871197075,101.51150512695312],[242.14842465820311,101.51150512695312]]},{"type":"AddLine","points":[[24.252606835937513,101.51150512695312]]},{"type":"AddCurve","points":[[17.523822782169987,101.51150512695312],[13.486552349909402,101.51150512695312],[10.795038728402346,100.38783430924786]]},{"type":"AddCurve","points":[[6.9149892353236737,98.975611786287573],[3.8585251766030524,95.919147727566951],[2.4463026536427606,92.039098234488222]]},{"type":"AddCurve","points":[[1.3226318359375,89.347584612981223],[1.3226318359375,85.310314180720695],[1.3226318359375,78.581530126953112]]},{"type":"AddLine","points":[[1.3226318359375,24.441480126953138]]},{"type":"AddCurve","points":[[1.3226318359375,17.712696073185555],[1.3226318359375,13.675425640925027],[2.4463026536427606,10.983912019418028]]},{"type":"AddCurve","points":[[3.8585251766030524,7.1038625263393271],[6.9149892353236737,4.0473984676186774],[10.795038728402346,2.6351759446583571]]},{"type":"AddCurve","points":[[13.486552349909402,1.511505126953125],[17.523822782169987,1.511505126953125],[24.252606835937513,1.511505126953125]]},{"type":"CloseSubpath"},{"type":"MoveToPoint","points":[[24.252606835937513,1.511505126953125]]}],"windingRule":0,"lineJoinStyle":0,"miterLimit":10},"isBackgroundTexture":true,"textBaseline":0,"isVerticalText":false,"textureType":5},"initialState":{"affineTransform":[1,0,0,1,0,0],"masksToBounds":false,"rotation":0,"scale":1,"position":{"pointX":131.87788391113281,"pointY":50},"width":267,"sublayerTransform":[1,0,0,0,0,1,0,0,0,0,1,0,0,0,0,1],"contentsRect":{"y":0,"x":0,"width":1,"height":1},"opacity":1,"edgeAntialiasingMask":0,"height":103,"hidden":false,"anchorPoint":{"pointX":0.49887833613134946,"pointY":0.50011170026168084}},"texture":"BC56899EDA91E3BFAC0544C383C98D57"}]},{"animations":[],"initialState":{"affineTransform":[1,0,0,1,0,0],"masksToBounds":false,"rotation":0,"scale":1,"position":{"pointX":1062.2005157470703,"pointY":277.51150512695312},"width":263.75576782226562,"sublayerTransform":[1,0,0,0,0,1,0,0,0,0,1,0,0,0,0,1],"contentsRect":{"y":0,"x":0,"width":1,"height":1},"opacity":1,"edgeAntialiasingMask":251658240,"height":100,"hidden":false,"anchorPoint":{"pointX":0.5,"pointY":0.5}},"layers":[{"animations":[],"layers":[],"texturedRectangle":{"singleTextureOpacity":1,"textXHeight":0.59085714285714286,"textBaseline":0.89783695765904015,"isBackgroundTexture":true,"isVerticalText":false,"textColor":[0,0,0,1],"textureType":6},"initialState":{"affineTransform":[1,0,0,1,0,0],"masksToBounds":false,"rotation":0,"scale":1,"position":{"pointX":131.87788391113281,"pointY":50},"width":145,"sublayerTransform":[1,0,0,0,0,1,0,0,0,0,1,0,0,0,0,1],"contentsRect":{"y":0,"x":0,"width":1,"height":1},"opacity":1,"edgeAntialiasingMask":0,"height":28,"hidden":false,"anchorPoint":{"pointX":0.49103803963496767,"pointY":0.4825537545340402}},"texture":"B1E491CE385F93C6060A3DEF4A04C037"}]},{"animations":[],"initialState":{"affineTransform":[1,0,0,1,0,0],"masksToBounds":false,"rotation":0,"scale":1,"position":{"pointX":1062.2005157470703,"pointY":817.12945556640625},"width":263.75576782226562,"sublayerTransform":[1,0,0,0,0,1,0,0,0,0,1,0,0,0,0,1],"contentsRect":{"y":0,"x":0,"width":1,"height":1},"opacity":1,"edgeAntialiasingMask":251658240,"height":100,"hidden":false,"anchorPoint":{"pointX":0.5,"pointY":0.5}},"layers":[{"animations":[],"layers":[],"texturedRectangle":{"singleTextureOpacity":1,"textXHeight":0,"shapePath":{"lineWidth":1,"flatness":0.59999999999999998,"lineCapStyle":0,"elements":[{"type":"MoveToPoint","points":[[24.252606835937513,1.12945556640625]]},{"type":"AddLine","points":[[242.14842465820311,1.12945556640625]]},{"type":"AddCurve","points":[[248.87720871197075,1.12945556640625],[252.91447914423134,1.12945556640625],[255.60599276573816,2.2531263841115106]]},{"type":"AddCurve","points":[[259.48604225881695,3.6653489070718024],[262.54250631753757,6.7218129657924237],[263.95472884049786,10.601862458871096]]},{"type":"AddCurve","points":[[265.07839965820312,13.293376080378152],[265.07839965820312,17.330646512638737],[265.07839965820312,24.059430566406263]]},{"type":"AddLine","points":[[265.07839965820312,78.199480566406237]]},{"type":"AddCurve","points":[[265.07839965820312,84.928264620173763],[265.07839965820312,88.965535052434348],[263.95472884049786,91.657048673941404]]},{"type":"AddCurve","points":[[262.54250631753757,95.537098167020076],[259.48604225881695,98.593562225740698],[255.60599276573816,100.00578474870099]]},{"type":"AddCurve","points":[[252.91447914423134,101.12945556640625],[248.87720871197075,101.12945556640625],[242.14842465820311,101.12945556640625]]},{"type":"AddLine","points":[[24.252606835937513,101.12945556640625]]},{"type":"AddCurve","points":[[17.523822782169987,101.12945556640625],[13.486552349909402,101.12945556640625],[10.795038728402346,100.00578474870099]]},{"type":"AddCurve","points":[[6.9149892353236737,98.593562225740698],[3.8585251766030524,95.537098167020076],[2.4463026536427606,91.657048673941404]]},{"type":"AddCurve","points":[[1.3226318359375,88.965535052434348],[1.3226318359375,84.928264620173763],[1.3226318359375,78.199480566406237]]},{"type":"AddLine","points":[[1.3226318359375,24.059430566406263]]},{"type":"AddCurve","points":[[1.3226318359375,17.330646512638737],[1.3226318359375,13.293376080378152],[2.4463026536427606,10.601862458871096]]},{"type":"AddCurve","points":[[3.8585251766030524,6.7218129657924237],[6.9149892353236737,3.6653489070718024],[10.795038728402346,2.2531263841115106]]},{"type":"AddCurve","points":[[13.486552349909402,1.12945556640625],[17.523822782169987,1.12945556640625],[24.252606835937513,1.12945556640625]]},{"type":"CloseSubpath"},{"type":"MoveToPoint","points":[[24.252606835937513,1.12945556640625]]}],"windingRule":0,"lineJoinStyle":0,"miterLimit":10},"isBackgroundTexture":true,"textBaseline":0,"isVerticalText":false,"textureType":5},"initialState":{"affineTransform":[1,0,0,1,0,0],"masksToBounds":false,"rotation":0,"scale":1,"position":{"pointX":131.87788391113281,"pointY":50},"width":267,"sublayerTransform":[1,0,0,0,0,1,0,0,0,0,1,0,0,0,0,1],"contentsRect":{"y":0,"x":0,"width":1,"height":1},"opacity":1,"edgeAntialiasingMask":0,"height":103,"hidden":false,"anchorPoint":{"pointX":0.49887833613134946,"pointY":0.49640248122724512}},"texture":"51830165FCAA3C41FC7E5C40F2F0AF86"}]},{"animations":[],"initialState":{"affineTransform":[1,0,0,1,0,0],"masksToBounds":false,"rotation":0,"scale":1,"position":{"pointX":1062.2005157470703,"pointY":817.12945556640625},"width":263.75576782226562,"sublayerTransform":[1,0,0,0,0,1,0,0,0,0,1,0,0,0,0,1],"contentsRect":{"y":0,"x":0,"width":1,"height":1},"opacity":1,"edgeAntialiasingMask":251658240,"height":100,"hidden":false,"anchorPoint":{"pointX":0.5,"pointY":0.5}},"layers":[{"animations":[],"layers":[],"texturedRectangle":{"singleTextureOpacity":1,"textXHeight":0.59085714285714286,"textBaseline":0.8841923304966518,"isBackgroundTexture":true,"isVerticalText":false,"textColor":[0,0,0,1],"textureType":6},"initialState":{"affineTransform":[1,0,0,1,0,0],"masksToBounds":false,"rotation":0,"scale":1,"position":{"pointX":131.87788391113281,"pointY":50},"width":150,"sublayerTransform":[1,0,0,0,0,1,0,0,0,0,1,0,0,0,0,1],"contentsRect":{"y":0,"x":0,"width":1,"height":1},"opacity":1,"edgeAntialiasingMask":0,"height":28,"hidden":false,"anchorPoint":{"pointX":0.49467010498046876,"pointY":0.4689091273716518}},"texture":"87F09E08618D993E8A5FB695204920D1"}]},{"animations":[],"initialState":{"affineTransform":[1,0,0,1,0,0],"masksToBounds":false,"rotation":0,"scale":1,"position":{"pointX":1062.2005241381048,"pointY":408.73605828800464},"width":171.80644378402224,"sublayerTransform":[1,0,0,0,0,1,0,0,0,0,1,0,0,0,0,1],"contentsRect":{"y":0,"x":0,"width":1,"height":1},"opacity":1,"edgeAntialiasingMask":251658240,"height":27.734924713284215,"hidden":false,"anchorPoint":{"pointX":0.5,"pointY":0.5}},"layers":[{"animations":[],"layers":[],"texturedRectangle":{"singleTextureOpacity":1,"textXHeight":0,"shapePath":{"lineWidth":1,"flatness":0.59999999999999998,"lineCapStyle":0,"elements":[{"type":"MoveToPoint","points":[[87.200523376464844,-67.147453308105469]]},{"type":"AddLine","points":[[87.200523376464616,80.846537362638287]]}],"windingRule":0,"lineJoinStyle":0,"miterLimit":10},"isBackgroundTexture":true,"textBaseline":0,"isVerticalText":false,"textureType":5},"initialState":{"affineTransform":[0,1,-1,0,0,0],"masksToBounds":false,"rotation":1.5707963267948966,"scale":1,"position":{"pointX":85.903221130371207,"pointY":13.887171890903062},"width":175,"sublayerTransform":[1,0,0,0,0,1,0,0,0,0,1,0,0,0,0,1],"contentsRect":{"y":0,"x":0,"width":1,"height":1},"opacity":1,"edgeAntialiasingMask":0,"height":31,"hidden":false,"anchorPoint":{"pointX":0.49828870500837052,"pointY":0.50825057491179437}},"texture":"A6A2D1009F3112D7BA9334E8601FA400"}]},{"animations":[],"initialState":{"affineTransform":[1,0,0,1,0,0],"masksToBounds":false,"rotation":0,"scale":1,"position":{"pointX":1062.2004959310993,"pointY":678.54503341543978},"width":171.80644378402224,"sublayerTransform":[1,0,0,0,0,1,0,0,0,0,1,0,0,0,0,1],"contentsRect":{"y":0,"x":0,"width":1,"height":1},"opacity":1,"edgeAntialiasingMask":251658240,"height":27.734924713284158,"hidden":false,"anchorPoint":{"pointX":0.5,"pointY":0.5}},"layers":[{"animations":[],"layers":[],"texturedRectangle":{"singleTextureOpacity":1,"textXHeight":0,"shapePath":{"lineWidth":1,"flatness":0.59999999999999998,"lineCapStyle":0,"elements":[{"type":"MoveToPoint","points":[[87.200494056472962,-67.338477067684039]]},{"type":"AddLine","points":[[87.200494056472735,80.655513603059717]]}],"windingRule":0,"lineJoinStyle":0,"miterLimit":10},"isBackgroundTexture":true,"textBaseline":0,"isVerticalText":false,"textureType":5},"initialState":{"affineTransform":[0,1,-1,0,0,0],"masksToBounds":false,"rotation":1.5707963267948966,"scale":1,"position":{"pointX":85.903220017384797,"pointY":13.887171890902891},"width":175,"sublayerTransform":[1,0,0,0,0,1,0,0,0,0,1,0,0,0,0,1],"contentsRect":{"y":0,"x":0,"width":1,"height":1},"opacity":1,"edgeAntialiasingMask":0,"height":31,"hidden":false,"anchorPoint":{"pointX":0.49828853746555979,"pointY":0.50208848224840785}},"texture":"BF3F0053E8839882CD9070EFC688CF3D"}]},{"animations":[],"initialState":{"affineTransform":[1,0,0,1,0,0],"masksToBounds":false,"rotation":0,"scale":1,"position":{"pointX":507.28111267089844,"pointY":547.32048034667969},"width":364.60830688476562,"sublayerTransform":[1,0,0,0,0,1,0,0,0,0,1,0,0,0,0,1],"contentsRect":{"y":0,"x":0,"width":1,"height":1},"opacity":1,"edgeAntialiasingMask":251658240,"height":286.60714721679688,"hidden":false,"anchorPoint":{"pointX":0.5,"pointY":0.5}},"layers":[{"animations":[],"layers":[],"texturedRectangle":{"singleTextureOpacity":1,"textXHeight":0,"shapePath":{"lineWidth":1,"flatness":0.59999999999999998,"lineCapStyle":0,"elements":[{"type":"MoveToPoint","points":[[24.906934228515638,1.01690673828125]]},{"type":"AddLine","points":[[343.65529111328124,1.01690673828125]]},{"type":"AddCurve","points":[[350.38407516704876,1.01690673828125],[354.42134559930935,1.01690673828125],[357.11285922081629,2.1405775559865106]]},{"type":"AddCurve","points":[[360.99290871389508,3.5528000789468024],[364.0493727726157,6.6092641376674237],[365.46159529557599,10.489313630746153]]},{"type":"AddCurve","points":[[366.58526611328125,13.180827252253152],[366.58526611328125,17.21809768451368],[366.58526611328125,23.946881738281263]]},{"type":"AddLine","points":[[366.58526611328125,264.69407895507811]]},{"type":"AddCurve","points":[[366.58526611328125,271.42286300884564],[366.58526611328125,275.46013344110622],[365.46159529557599,278.15164706261316]]},{"type":"AddCurve","points":[[364.0493727726157,282.03169655569195],[360.99290871389508,285.08816061441257],[357.11285922081629,286.50038313737286]]},{"type":"AddCurve","points":[[354.42134559930935,287.62405395507812],[350.38407516704876,287.62405395507812],[343.65529111328124,287.62405395507812]]},{"type":"AddLine","points":[[24.906934228515638,287.62405395507812]]},{"type":"AddCurve","points":[[18.178150174748055,287.62405395507812],[14.140879742487527,287.62405395507812],[11.449366120980528,286.50038313737286]]},{"type":"AddCurve","points":[[7.5693166279017987,285.08816061441257],[4.5128525691811774,282.03169655569195],[3.1006300462208856,278.15164706261316]]},{"type":"AddCurve","points":[[1.976959228515625,275.46013344110622],[1.976959228515625,271.42286300884564],[1.976959228515625,264.69407895507811]]},{"type":"AddLine","points":[[1.976959228515625,23.946881738281263]]},{"type":"AddCurve","points":[[1.976959228515625,17.21809768451368],[1.976959228515625,13.180827252253152],[3.1006300462208856,10.489313630746153]]},{"type":"AddCurve","points":[[4.5128525691811774,6.6092641376674806],[7.5693166279018556,3.5528000789468024],[11.449366120980528,2.1405775559865106]]},{"type":"AddCurve","points":[[14.140879742487527,1.01690673828125],[18.178150174748055,1.01690673828125],[24.906934228515638,1.01690673828125]]},{"type":"CloseSubpath"},{"type":"MoveToPoint","points":[[24.906934228515638,1.01690673828125]]}],"windingRule":0,"lineJoinStyle":0,"miterLimit":10},"isBackgroundTexture":true,"textBaseline":0,"isVerticalText":false,"textureType":5},"initialState":{"affineTransform":[1,0,0,1,0,0],"masksToBounds":false,"rotation":0,"scale":1,"position":{"pointX":182.30415344238281,"pointY":143.30357360839844},"width":368,"sublayerTransform":[1,0,0,0,0,1,0,0,0,0,1,0,0,0,0,1],"contentsRect":{"y":0,"x":0,"width":1,"height":1},"opacity":1,"edgeAntialiasingMask":0,"height":289,"hidden":false,"anchorPoint":{"pointX":0.50076389312744141,"pointY":0.49937882472899547}},"texture":"FDA5CA04785D7BD36CDA3CB0F54B1F6C"}]},{"animations":[],"initialState":{"affineTransform":[1,0,0,1,0,0],"masksToBounds":false,"rotation":0,"scale":1,"position":{"pointX":507.28111267089844,"pointY":547.32048034667969},"width":364.60830688476562,"sublayerTransform":[1,0,0,0,0,1,0,0,0,0,1,0,0,0,0,1],"contentsRect":{"y":0,"x":0,"width":1,"height":1},"opacity":1,"edgeAntialiasingMask":251658240,"height":286.60714721679688,"hidden":false,"anchorPoint":{"pointX":0.5,"pointY":0.5}},"layers":[{"animations":[],"layers":[],"texturedRectangle":{"singleTextureOpacity":1,"textXHeight":0.5013333333333333,"textBaseline":0.73166170987215906,"isBackgroundTexture":true,"isVerticalText":false,"textColor":[0.99991613626480103,1,0.99988490343093872,1],"textureType":6},"initialState":{"affineTransform":[1,0,0,1,0,0],"masksToBounds":false,"rotation":0,"scale":1,"position":{"pointX":182.30415344238281,"pointY":143.30357360839844},"width":264,"sublayerTransform":[1,0,0,0,0,1,0,0,0,0,1,0,0,0,0,1],"contentsRect":{"y":0,"x":0,"width":1,"height":1},"opacity":1,"edgeAntialiasingMask":0,"height":33,"hidden":false,"anchorPoint":{"pointX":0.5010648207231001,"pointY":0.37334788929332385}},"texture":"4ED620E24E26BDAF8384B31F3FA45A7A"}]},{"animations":[],"initialState":{"affineTransform":[1,0,0,1,0,0],"masksToBounds":false,"rotation":0,"scale":1,"position":{"pointX":1062.2005157470703,"pointY":547.32049560546875},"width":263.75576782226562,"sublayerTransform":[1,0,0,0,0,1,0,0,0,0,1,0,0,0,0,1],"contentsRect":{"y":0,"x":0,"width":1,"height":1},"opacity":1,"edgeAntialiasingMask":251658240,"height":100,"hidden":false,"anchorPoint":{"pointX":0.5,"pointY":0.5}},"layers":[{"animations":[],"layers":[],"texturedRectangle":{"singleTextureOpacity":1,"textXHeight":0,"shapePath":{"lineWidth":1,"flatness":0.59999999999999998,"lineCapStyle":0,"elements":[{"type":"MoveToPoint","points":[[24.252606835937513,1.32049560546875]]},{"type":"AddLine","points":[[242.14842465820311,1.32049560546875]]},{"type":"AddCurve","points":[[248.87720871197075,1.32049560546875],[252.91447914423134,1.32049560546875],[255.60599276573816,2.4441664231740106]]},{"type":"AddCurve","points":[[259.48604225881695,3.8563889461343024],[262.54250631753757,6.9128530048549237],[263.95472884049786,10.792902497933653]]},{"type":"AddCurve","points":[[265.07839965820312,13.484416119440652],[265.07839965820312,17.521686551701237],[265.07839965820312,24.250470605468763]]},{"type":"AddLine","points":[[265.07839965820312,78.390520605468737]]},{"type":"AddCurve","points":[[265.07839965820312,85.119304659236263],[265.07839965820312,89.156575091496848],[263.95472884049786,91.848088713003904]]},{"type":"AddCurve","points":[[262.54250631753757,95.728138206082576],[259.48604225881695,98.784602264803198],[255.60599276573816,100.19682478776349]]},{"type":"AddCurve","points":[[252.91447914423134,101.32049560546875],[248.87720871197075,101.32049560546875],[242.14842465820311,101.32049560546875]]},{"type":"AddLine","points":[[24.252606835937513,101.32049560546875]]},{"type":"AddCurve","points":[[17.523822782169987,101.32049560546875],[13.486552349909402,101.32049560546875],[10.795038728402346,100.19682478776349]]},{"type":"AddCurve","points":[[6.9149892353236737,98.784602264803198],[3.8585251766030524,95.728138206082576],[2.4463026536427606,91.848088713003904]]},{"type":"AddCurve","points":[[1.3226318359375,89.156575091496848],[1.3226318359375,85.119304659236263],[1.3226318359375,78.390520605468737]]},{"type":"AddLine","points":[[1.3226318359375,24.250470605468763]]},{"type":"AddCurve","points":[[1.3226318359375,17.521686551701237],[1.3226318359375,13.484416119440652],[2.4463026536427606,10.792902497933653]]},{"type":"AddCurve","points":[[3.8585251766030524,6.9128530048549806],[6.9149892353236737,3.8563889461343024],[10.795038728402346,2.4441664231740106]]},{"type":"AddCurve","points":[[13.486552349909402,1.32049560546875],[17.523822782169987,1.32049560546875],[24.252606835937513,1.32049560546875]]},{"type":"CloseSubpath"},{"type":"MoveToPoint","points":[[24.252606835937513,1.32049560546875]]}],"windingRule":0,"lineJoinStyle":0,"miterLimit":10},"isBackgroundTexture":true,"textBaseline":0,"isVerticalText":false,"textureType":5},"initialState":{"affineTransform":[1,0,0,1,0,0],"masksToBounds":false,"rotation":0,"scale":1,"position":{"pointX":131.87788391113281,"pointY":50},"width":267,"sublayerTransform":[1,0,0,0,0,1,0,0,0,0,1,0,0,0,0,1],"contentsRect":{"y":0,"x":0,"width":1,"height":1},"opacity":1,"edgeAntialiasingMask":0,"height":103,"hidden":false,"anchorPoint":{"pointX":0.49887833613134946,"pointY":0.49825723888804613}},"texture":"1938A8A6040D76B227EB35C5439E0015"}]},{"animations":[],"initialState":{"affineTransform":[1,0,0,1,0,0],"masksToBounds":false,"rotation":0,"scale":1,"position":{"pointX":1062.2005157470703,"pointY":547.32049560546875},"width":263.75576782226562,"sublayerTransform":[1,0,0,0,0,1,0,0,0,0,1,0,0,0,0,1],"contentsRect":{"y":0,"x":0,"width":1,"height":1},"opacity":1,"edgeAntialiasingMask":251658240,"height":100,"hidden":false,"anchorPoint":{"pointX":0.5,"pointY":0.5}},"layers":[{"animations":[],"layers":[],"texturedRectangle":{"singleTextureOpacity":1,"textXHeight":0.48658823529411765,"textBaseline":0.73377721449908084,"isBackgroundTexture":true,"isVerticalText":false,"textColor":[0.99991613626480103,1,0.99988490343093872,1],"textureType":6},"initialState":{"affineTransform":[1,0,0,1,0,0],"masksToBounds":false,"rotation":0,"scale":1,"position":{"pointX":131.87788391113281,"pointY":50},"width":127,"sublayerTransform":[1,0,0,0,0,1,0,0,0,0,1,0,0,0,0,1],"contentsRect":{"y":0,"x":0,"width":1,"height":1},"opacity":1,"edgeAntialiasingMask":0,"height":34,"hidden":false,"anchorPoint":{"pointX":0.49764185627614421,"pointY":0.39177928251378674}},"texture":"0BAF476CD9CADF14950D7F6065F510B0"}]},{"animations":[],"initialState":{"affineTransform":[1,0,0,1,0,0],"masksToBounds":false,"rotation":0,"scale":1,"position":{"pointX":807.58065699318649,"pointY":547.30078607120777},"width":247.51629445512299,"sublayerTransform":[1,0,0,0,0,1,0,0,0,0,1,0,0,0,0,1],"contentsRect":{"y":0,"x":0,"width":1,"height":1},"opacity":1,"edgeAntialiasingMask":251658240,"height":27.734924713284158,"hidden":false,"anchorPoint":{"pointX":0.5,"pointY":0.5}},"layers":[{"animations":[],"layers":[],"texturedRectangle":{"singleTextureOpacity":1,"textXHeight":0,"shapePath":{"lineWidth":1,"flatness":0.59999999999999998,"lineCapStyle":0,"elements":[{"type":"MoveToPoint","points":[[4.822509765625,15.32049560546875]]},{"type":"AddLine","points":[[228.52635110746962,15.32049560546875]]}],"windingRule":0,"lineJoinStyle":0,"miterLimit":10},"isBackgroundTexture":true,"textBaseline":0,"isVerticalText":false,"textureType":5},"initialState":{"affineTransform":[1,0,0,1,0,0],"masksToBounds":false,"rotation":0,"scale":1,"position":{"pointX":123.75814819335938,"pointY":13.887171890903005},"width":251,"sublayerTransform":[1,0,0,0,0,1,0,0,0,0,1,0,0,0,0,1],"contentsRect":{"y":0,"x":0,"width":1,"height":1},"opacity":1,"edgeAntialiasingMask":0,"height":31,"hidden":false,"anchorPoint":{"pointX":0.50032134645013693,"pointY":0.49420953566028225}},"texture":"B1E491CE385F93C6060A3DEF4A04C037"}]},{"animations":[],"initialState":{"affineTransform":[1,0,0,1,0,0],"masksToBounds":false,"rotation":0,"scale":1,"position":{"pointX":960,"pointY":600.87820434570312},"width":1730,"sublayerTransform":[1,0,0,0,0,1,0,0,0,0,1,0,0,0,0,1],"contentsRect":{"y":0,"x":0,"width":1,"height":1},"opacity":1,"edgeAntialiasingMask":251658240,"height":767.4586181640625,"hidden":false,"anchorPoint":{"pointX":0.5,"pointY":0.5}},"layers":[{"animations":[],"layers":[],"texturedRectangle":{"singleTextureOpacity":1,"textXHeight":0.51700000000000002,"textBaseline":0.76210467020670569,"isBackgroundTexture":true,"isVerticalText":false,"textColor":[0,0,0,1],"textureType":6},"initialState":{"affineTransform":[1,0,0,1,0,0],"masksToBounds":false,"rotation":0,"scale":1,"position":{"pointX":865,"pointY":383.72930908203125},"width":1014,"sublayerTransform":[1,0,0,0,0,1,0,0,0,0,1,0,0,0,0,1],"contentsRect":{"y":0,"x":0,"width":1,"height":1},"opacity":1,"edgeAntialiasingMask":0,"height":48,"hidden":true,"anchorPoint":{"pointX":0.84516765285996054,"pointY":7.7266292572021484}},"texture":"A4F41C475E8D43DC3540FE7D34B4CC9C"}]}]}}]}